tema;hallazgo
Ventas acumuladas;$20,332,897
Producto con mayor impacto economico;CERDO DESHUESADO PROCESADO 3 KG ($869,899)
Producto con mayor rotacion;TOMATE RIÑON REGULAR PINTON AL GRANEL 1 KG (9,543 egresos)
Cliente con mayor aporte;GYE EGRESOS PCP GYE ($1,366,082)
Responsable con mayor valor gestionado;GABRIEL ROJAS ($2,112,349)
Pronostico seleccionado;Promedio reciente por dia con WAPE de 6.37%
Segmento principal de clientes;Clientes estrategicos (98.6% de las ventas)
Comportamiento temporal principal;Demanda estable (66.3% de las ventas)
Limitaciones;No existen metas comerciales, costos internos ni zonas en la fuente disponible.
