posicion;cliente_id;cliente;empresa;ventas;frecuencia_egresos;ticket_promedio
1;1030;GYE EGRESOS PCP GYE;COALSE;1366081.77883438;1051;1299.79236806316
2;1200;GYE SANTA PRISCILA 2;COALSE;713465.361375914;305;2339.23069303578
3;872;GH 100 COMEDOR PCP SGQ;TECFOOD;604897.281220313;949;637.404932792743
4;209;GYE OMARSA PLANTA;COALSE;574902.559112941;191;3009.96104247613
5;7;GH 100 COMEDOR PCP UIO;TECFOOD;364286.449733695;395;922.244176541001
6;208;GYE OMARSA ISLA PUNÁ;COALSE;353642.422820628;153;2311.38838444855
7;1895;CLUB DEPORTIVO IDV FORMATIVA;TECFOOD;349193.676855123;516;676.731931889774
8;1059;GYE OMARSA BRISAS;COALSE;331189.156290634;168;1971.36402553949
9;216;GYE PROMARISCO;COALSE;316195.718169349;167;1893.3875339482
10;2022;ENAP SIPEC;TECFOOD;257491.565290853;301;855.453705285227
11;1869;GYE OMARSA PUERTO INCA 2;COALSE;252046.696134297;158;1595.23225401454
12;720;GYE MARBELIZE S.A.;COALSE;249396.813519899;206;1210.66414330048
13;1880;GYE SANTA PRISCILA TEXTILES;COALSE;244463.665564905;294;831.509066547297
14;1889;HOSP. SOLCA ADMINISTRACION;TECFOOD;227025.444680199;502;452.241921673704
15;1845;GYE OMARSA PUERTO INCA;COALSE;220219.367197353;159;1385.02746665002
16;1087;GYE SANTA PRISCILA VIA DAULE;COALSE;214631.32073382;291;737.564676061236
17;1986;CCDC – RIG 28;TECFOOD;212840.076201603;236;901.864729667808
18;1061;HOSP. METROPOLITANO ADMINISTRACIÓN;TECFOOD;210207.565685193;343;612.850045729424
19;81;GYE HOSP. L.V. ADMINISTRACION;COALSE;209573.900132989;162;1293.66605020363
20;1999;GYE YILPORT;COALSE;204330.045190583;172;1187.96537901502
21;1698;DANEC;TECFOOD;200272.471537397;463;432.553934206041
22;215;GYE PROEXPO;COALSE;199760.806990188;157;1272.36182796298
23;1778;FLOREQUISA OPERATIVO;TECFOOD;192607.919451048;313;615.360765019322
24;1527;PETROECUADOR SPF;TECFOOD;191407.332631908;214;894.426787999568
25;984;HALLIBURTON;TECFOOD;179602.479220183;220;816.374905546286
26;296;GH 111 MEGAPAN PCP UIO;TECFOOD;176521.060031575;344;513.142616370857
27;1531;PETROECUADOR NPF;TECFOOD;173068.009132621;211;820.227531434221
28;1946;GYE OMARSA ISLA PUNÁ 2;COALSE;167240.438662443;142;1177.74956804538
29;888;GPF PROVEFARMA CD;TECFOOD;166812.802183158;389;428.824684275471
30;2002;GYE GRUPO GRUPASA;COALSE;159637.381630025;303;526.85604498358
31;1254;GYE PLANTABAL S.A.;COALSE;158609.876560229;181;876.297660553749
32;218;GYE PRONACA PL AVES BUCAY;COALSE;153690.264147249;150;1024.60176098166
33;530;FV SANITARIOS;TECFOOD;153464.485426662;328;467.879528739824
34;2007;CCDC JACKUP RIG;TECFOOD;148755.464746795;278;535.091599808616
35;1358;GYE HOSP. NEUROCIENCIAS DIETA GENERAL;COALSE;147823.431466149;144;1026.55160740381
36;213;GYE PROCARSA;COALSE;143556.359403495;145;990.043857955139
37;203;GYE OMARSA CACHUGRAN 2;COALSE;141745.525585647;149;951.312252252666
38;185;GYE HOSP. R.G. ADMINISTRACIÓN;COALSE;136512.971289032;147;928.65966863287
39;1295;GYE INDURAMA;COALSE;136178.088909793;145;939.159233860639
40;1890;HOSP. SOLCA DIETA GENERAL/BLANDA/LIQUIDA;TECFOOD;130638.354519105;305;428.322473833131
41;985;HALLIBURTON RETAIL;TECFOOD;121545.80979705;68;1787.43837936838
42;828;ECOFROZ;TECFOOD;121263.821784102;297;408.295696242767
43;1855;GYE LA FABRIL MANTA;COALSE;120642.414282101;263;458.716404114452
44;1250;GYE TELCONET;COALSE;120519.036071768;108;1115.91700066452
45;3;AGLOMERADOS COTOPAXI;TECFOOD;118316.580723162;332;356.375243142055
46;1767;GYE EXPOSYNERGY S.A.S.;COALSE;113907.904623779;160;711.924403898617
47;232;PLUSPETROL CPF;TECFOOD;113358.945078651;196;578.361964686995
48;2121;GYE CONTECON S.A;COALSE;111854.430352511;132;847.38204812508
49;1633;GYE CASJUCA;COALSE;110923.647924774;152;729.760841610352
50;1961;GYE EXPOCULTIVOS GRANCOMAR;COALSE;109999.766527307;139;791.365226815161
51;502;GYE ASISERVY;COALSE;104018.933477514;266;391.048622095918
52;1463;GYE GH 111 SUMINISTROS MEGAPAN;COALSE;101394.927753529;357;284.019405472071
53;527;GYE AJE BIG COLA;COALSE;101016.287813041;281;359.488568729683
54;1519;CLUB DEPORTIVO U. CATÓLICA FORMATIVA;TECFOOD;100440.565901142;196;512.451866842559
55;206;GYE OMARSA CHONGON LANGUA;COALSE;100310.866844479;141;711.424587549497
56;2101;GYE OMARSA ALEJANDRINA 2;COALSE;99654.5316856234;94;1060.15459240025
57;1848;PLASTISACKS;TECFOOD;99615.791029489;280;355.770682248175
58;1049;GYE KUBIEC S.A. PETRILLO;COALSE;99157.9878726603;288;344.298569002293
59;207;GYE OMARSA CHONGON VIGSA;COALSE;97852.7128164513;143;684.284705010149
60;531;FV GRIFERIA;TECFOOD;97796.9176360682;254;385.02723478767
61;407;JABONERÍA WILSON;TECFOOD;96058.4132520213;284;338.233849478948
62;1689;COL. INTISANA COMEDOR;TECFOOD;95630.481141364;240;398.460338089017
63;880;GH 111 MEGAPAN PCP SGQ;TECFOOD;94868.0386036755;327;290.116326005124
64;1062;HOSP. METROPOLITANO PACIENTES;TECFOOD;93393.083794304;289;323.159459495862
65;1294;GYE MABE;COALSE;92315.5247457179;153;603.36944278247
66;335;CONFITECA C.A.;TECFOOD;91185.4845378749;280;325.662444778125
67;22;COL. MENOR RETAIL;TECFOOD;91030.440150481;238;382.480840968408
68;690;GYE BIMBO S.A.;COALSE;90790.6312803641;162;560.435995557803
69;205;GYE OMARSA CACHUGRAN CAPILLA;COALSE;90685.0091978734;141;643.156093601939
70;2107;GYE HACIENDA EL ÁLAMO;COALSE;90194.5014091188;66;1366.58335468362
71;1857;GYE LA FABRIL MANTA MULTIUSOS;COALSE;89190.1889622865;268;332.799212545845
72;219;GYE PRONACA PL DURÁN;COALSE;88728.7284211251;150;591.524856140834
73;497;GYE BANALIGHT S.A.;COALSE;86913.5903166968;170;511.256413627628
74;49;EDESA;TECFOOD;86393.1112378805;433;199.522196854227
75;9;ARCA NORTE;TECFOOD;84396.288310527;430;196.270437931458
76;1361;GYE HOSPC. CORAZON DE JESÚS DIETA GENERAL;COALSE;83617.4534598682;140;597.267524713344
77;6;BOTROSA;TECFOOD;83080.7311597304;140;593.433793998074
78;1269;GYE TESALIA;COALSE;82669.0716215124;158;523.221972288053
79;70;INAEXPO PL STO. DGO.;TECFOOD;82284.4104051319;133;618.679777482195
80;237;PLUSPETROL VILLANO A;TECFOOD;82115.2423674418;203;404.508583090846
81;5;AYMESA 1;TECFOOD;80930.5927665382;268;301.97982375574
82;1363;GYE HOSPC. CORAZON DE JESÚS DIETA DIABÉTICA;COALSE;77880.6617407583;142;548.455364371537
83;1139;JURIS PLANTA SANGOLQUÍ;TECFOOD;74014.6905431744;288;256.995453274911
84;122;L.D.U. PROFESIONAL;TECFOOD;73513.6975084245;379;193.967539600065
85;133;PANAVIAL AMBATO;TECFOOD;73138.2364776935;170;430.224920457021
86;10;ARCA STO. DOMINGO;TECFOOD;72733.6449110393;139;523.26363245352
87;2095;GYE OMARSA ISLA PUNÁ 2 - ZONA 3;COALSE;70351.6066833196;111;633.798258408285
88;1992;GYE EL CAFE;COALSE;69388.990229616;267;259.883858537888
89;2014;GYE ECUAVISA;COALSE;69056.7592709843;159;434.319240698015
90;125;LETERAGO;TECFOOD;68546.9028244047;597;114.818932704195
91;145;PANAVIAL PIFO;TECFOOD;67443.5639560186;220;306.561654345539
92;35;COL. AMERICANO RETAIL;TECFOOD;67304.0814537339;235;286.400346611634
93;246;PARDALIS;TECFOOD;67148.1093129347;211;318.237484895425
94;123;L.D.U. FORMATIVA;TECFOOD;64115.1839750662;385;166.532945389782
95;1058;HOSP. METROPOLITANO BAKERY RETAIL;TECFOOD;62952.3801649491;277;227.264910342777
96;1467;COL. SEK VALLES COMEDOR;TECFOOD;62518.2347120464;243;257.276686057804
97;196;GYE HOSP. L.V. DIETA GENERAL;COALSE;61387.8106281898;153;401.227520445685
98;1039;HOSP. VOZANDES ADMINISTRACIÓN;TECFOOD;60837.1491106673;302;201.447513611481
99;1357;GYE HOSP. NEUROCIENCIAS ADMINISTRACION;COALSE;60178.2914240931;155;388.247041445762
100;1896;CLUB DEPORTIVO IDV PROFESIONAL;TECFOOD;59860.3367415743;428;139.860599863491
101;1040;HOSP. VOZANDES PACIENTES;TECFOOD;59718.5068920967;310;192.640344813215
102;259;PETROBELL PETROLEROS;TECFOOD;57711.8838338678;180;320.621576854821
103;38;CPP OPERATIVOS;TECFOOD;57547.7361528135;155;371.275717114926
104;549;ORION EL ENO;TECFOOD;56530.9275049295;177;319.383771214291
105;1699;GYE PRONACA CD;COALSE;54301.2899432479;147;369.396530226176
106;1201;GYE GRAIMAN;COALSE;53862.9010976022;144;374.047924288904
107;1068;POFASA;TECFOOD;52522.7425984111;231;227.371180079702
108;875;NATUFLOR;TECFOOD;51932.2738393209;151;343.922343306761
109;2105;GYE OMARSA PUERTO INCA 1 ZONA 2;COALSE;51111.9179578587;89;574.291213009648
110;1958;GYE OMARSA PUERTO INCA 3;COALSE;50584.346961184;134;377.495126576
111;339;GYE HOSP. L.V. DIETA ASTRINGENTE;COALSE;50556.1135876894;123;411.025313721052
112;1952;OMARSA CAMAREXPO GYE;COALSE;50009.8790541759;144;347.29082676511
113;1473;COL. SEK UIO COMEDOR;TECFOOD;49439.3729446292;220;224.724422475587
114;128;ECUAJUGOS FABRICA;TECFOOD;49415.9804209567;149;331.650875308434
115;1474;COL. MENOR COMEDOR;TECFOOD;48391.8975749799;212;228.263667806509
116;1907;GYE OMARSA OCEAN PRODUCT-ARENILLA;COALSE;47277.0193303666;133;355.466310754636
117;211;GYE GH 112 SUMINISTROS PCP GYE;COALSE;47202.83327116;104;453.873396838077
118;1954;GYE COL. MODERNA RETAIL;COALSE;46066.286909443;152;303.067677035809
119;204;GYE OMARSA CACHUGRAN 3;COALSE;45882.5912189988;135;339.871046066658
120;8;ARCA CALDERON;TECFOOD;45317.4118157874;402;112.729880138775
121;2096;GYE ECUASAL PACOA;COALSE;44938.66176776;126;356.656045775873
122;1431;GYE GRUPO FAMILIA;COALSE;44560.354209432;159;280.253800059321
123;1336;CRANSA S.A.;TECFOOD;42135.7075898344;146;288.600736916674
124;1779;FLOREQUISA ADMINISTRATIVO;TECFOOD;41621.2122718463;264;157.656107090327
125;1695;COL. LOS PINOS COMEDOR;TECFOOD;41371.0615937036;213;194.230336120674
126;927;PANIFICADORA MODERNA;TECFOOD;40813.097545804;159;256.686148086818
127;521;COL. TERRANOVA RETAIL;TECFOOD;40121.3830231752;182;220.447159467996
128;1861;GYE OMARSA PUERTO INCA 1;COALSE;39711.371834353;145;273.87152989209
129;1331;ECOFROZ AGUA CLARA;TECFOOD;39462.23036348;127;310.726223334488
130;1960;GYE EXPOCULTIVOS CHURUTE;COALSE;39296.3293728553;137;286.834520969747
131;548;ORION TETETES;TECFOOD;38814.2984746702;193;201.110354791037
132;179;GYE ECUASAL;COALSE;38093.3050071637;125;304.74644005731
133;1360;GYE HOSPC. CORAZON DE JESÚS ADMINISTRACIÓN;COALSE;38060.5079710794;136;279.856676257937
134;1468;COL. LA CONDAMINE COMEDOR;TECFOOD;36755.3029818597;183;200.848650174097
135;1854;GYE OMARSA PUERTO INCA 5 TAURA;COALSE;36648.4017883402;138;265.568128901016
136;1252;GYE HEINEKEN;COALSE;36380.6215729692;159;228.808940710498
137;809;BIMBO;TECFOOD;35690.691428111;266;134.175531684628
138;141;PANAVIAL GUAYLLABAMBA;TECFOOD;34941.4522598499;207;168.799286279468
139;1614;INDUCALSA-BUNKY;TECFOOD;34328.6091893742;143;240.060204121498
140;1991;GYE QUICORNAC;COALSE;33392.2096540002;156;214.052625987181
141;1939;GYE COL. MENOR SAM RETAIL;COALSE;32886.80669282;118;278.701751634068
142;240;OCP BALAO;TECFOOD;32724.9201908913;139;235.431080510009
143;1714;GYE RANSA;COALSE;32320.8360697336;151;214.045271984991
144;239;OCP AMAZONAS;TECFOOD;32027.5738695166;157;203.997285793099
145;143;PANAVIAL IBARRA;TECFOOD;31820.1396985739;179;177.766143567452
146;2092;GYE LA FABRIL MANTA DETERGENTES;COALSE;31449.262592369;189;166.398214774439
147;1731;I.E.P.E.S.A.;TECFOOD;31380.965570229;147;213.475956260061
148;1893;GYE OMARSA ISLA PUNÁ RETAIL;COALSE;31241.12536469;52;600.790872397885
149;1471;COL. AMERICANO COMEDOR;TECFOOD;30388.2198703525;236;128.763643518443
150;1805;GRUPO SUR ATLÁNTIDA;TECFOOD;28656.5867053728;154;186.08173185307
151;1891;HOSP. SOLCA DIETAS BLANDAS VARIAS;TECFOOD;28653.836239302;83;345.226942642193
152;542;ALPINA SAN GABRIEL;TECFOOD;27779.2255332176;128;217.025199478263
153;135;PANAVIAL AMBUQUÍ;TECFOOD;26821.3355297991;166;161.574310420477
154;1289;GYE LA FABRIL AGENCIA;COALSE;26723.277945238;135;197.950207001763
155;245;OCP SARDINAS;TECFOOD;26684.110990674;149;179.087993226
156;1962;GYE EXPOCULTIVOS CAMARONMAR;COALSE;26569.800972122;138;192.534789653058
157;235;PLUSPETROL SARAYACU;TECFOOD;26496.909067434;167;158.664126152299
158;1297;GYE INDURAMA TRANSPORTADOS;COALSE;26354.872474506;131;201.182232629817
159;1638;GYE OMARSA MAR BRAVO;COALSE;25914.8520867699;147;176.291510794353
160;2103;GYE COL. LICEO PANAMERICANO RETAIL;COALSE;25707.156296184;131;196.237834322015
161;1247;GYE ENIGAS LOMAS DE SARGENTILLO;COALSE;25669.7518745436;146;175.820218318792
162;1756;COL. DE LIGA COMEDOR;TECFOOD;25292.2590299241;196;129.042137907776
163;1533;PETROECUADOR NPF RETAIL;TECFOOD;24426.3095791;36;678.508599419445
164;231;PLUSPETROL BAEZA;TECFOOD;23983.239053597;175;137.047080306269
165;2097;GYE YILPORT CAFETERÍA RETAIL;COALSE;23053.47699691;65;354.668876875539
166;1618;INPROLAC-DULAC´S;TECFOOD;22920.752706346;138;166.092410915551
167;1528;PETROECUADOR SPF RETAIL;TECFOOD;22814.31554536;39;584.982449881026
168;1998;TESSA PICASSO;TECFOOD;22672.8852613465;274;82.7477564282719
169;1041;HOSP. VOZANDES CAFETERIA MENU;TECFOOD;22418.1375586692;261;85.893247351223
170;105;FUNDACION EL TRIÁNGULO;TECFOOD;22275.5477926174;123;181.102014574125
171;43;COL. EINSTEIN RETAIL;TECFOOD;22242.2312992088;156;142.578405764159
172;166;GYE CLÍNICA DIETAS VARIAS;COALSE;22083.5209531268;133;166.041510925765
173;1476;COL. EINSTEIN COMEDOR;TECFOOD;21598.6035578805;215;100.458621199444
174;241;OCP CAYAGAMA;TECFOOD;21384.7711835556;149;143.521954252051
175;195;GYE HOSP. L.V. DIABÉTICA;COALSE;20646.8086456434;136;151.81476945326
176;2123;GYE AVICOLA FERNANDEZ S.A.;COALSE;20640.9646976733;60;344.016078294555
177;1364;GYE HOSPC. CORAZON DE JESÚS DIETA LICUADA;COALSE;20624.2826481352;123;167.677094700286
178;607;GYE MOLINOS CHAMPIONS S.A.;COALSE;20299.6447455722;140;144.997462468373
179;4;AVON;TECFOOD;20285.3317478597;128;158.479154280154
180;1758;COL. DE LIGA RETAIL;TECFOOD;19963.2398890882;122;163.633113844985
181;1477;GYE COL. SEK COMEDOR;COALSE;19875.279736074;91;218.409667429385
182;288;PETROBELL RETAIL;TECFOOD;19856.78145488;81;245.145450060247
183;810;GYE PROMARISCO CAFETERÍA RETAIL;COALSE;19746.04950218;133;148.466537610376
184;267;OCP BALAO MARINA RETAIL;TECFOOD;19570.892175359;132;148.264334661811
185;811;GYE INPROEL S.A. EVENTOS;COALSE;19527.4648207515;52;375.528169629837
186;1488;GYE HOSP. R.G. CAFETERÍA RETAIL;COALSE;19527.417370863;131;149.064254739412
187;1773;GYE GRANASA;COALSE;19505.0976634682;137;142.372975645753
188;266;OCP AMAZONAS RETAIL;TECFOOD;19485.0206905544;134;145.410602168316
189;243;OCP PÁRAMO;TECFOOD;19279.9671674817;152;126.841889259748
190;268;OCP BALAO RETAIL;TECFOOD;18508.5932650145;131;141.28697148866
191;1953;GYE COL. MODERNA COMEDOR;COALSE;18317.4427620607;259;70.7237172280336
192;1777;TESSA DALI;TECFOOD;18023.3881652973;250;72.0935526611892
193;1637;GYE OMARSA TABASCA;COALSE;17913.8144373874;142;126.153622798503
194;1535;PETROECUADOR SHUSHUFINDI;TECFOOD;17207.3913841705;159;108.222587321827
195;1382;COL. LICEO INTERNACIONAL RETAIL;TECFOOD;17059.405151632;125;136.475241213056
196;1472;COL. HIGHLANDS COMEDOR;TECFOOD;16840.6903395727;199;84.6265846209683
197;737;GYE HOSP. L.V. ADMINISTRACION EVENTOS;COALSE;16691.5201791993;87;191.8565537839
198;274;PARDALIS RETAIL;TECFOOD;16520.62317517;106;155.854935614811
199;2115;GYE COL. ALEMÁN HUMBOLDT RETAIL;COALSE;16400.8965370834;87;188.516052150384
200;127;ECUAJUGOS CD;TECFOOD;16209.0502424999;131;123.733207958015
201;148;PETROBELL INDUSTRIALES;TECFOOD;16181.5283740168;151;107.162439563025
202;1634;GYE PRONACA PL AVES EN PIE;COALSE;16065.4519575967;139;115.578791061847
203;432;ENIGAS BEATERIO;TECFOOD;15967.5832299747;213;74.9651794834493
204;1465;COL. MONTEBELLO A. COMEDOR;TECFOOD;15952.1908599084;203;78.5822209847705
205;1302;GYE INDURAMA EVENTOS;COALSE;15883.3150979144;91;174.541924152906
206;189;GYE HOSP. R.G. DIETAS VARIAS;COALSE;15755.2751429143;122;129.141599532084
207;165;GYE CLÍNICA ADMINISTRACIÓN;COALSE;15283.1758916003;130;117.562891473848
208;187;GYE HOSP. R.G. CAFETERÍA MENÚ;COALSE;14999.4009161988;124;120.962910614506
209;2023;ENAP SIPEC HOTELERIA;TECFOOD;14782.33510652;45;328.496335700444
210;944;COL. MONTEBELLO A. RETAIL;TECFOOD;14640.3985757676;113;129.561049343076
211;1894;GYE OMARSA CACHUGRAN 2 RETAIL;COALSE;14590.21509388;28;521.079110495714
212;2114;GYE COL. ALEMÁN HUMBOLDT COMEDOR;COALSE;14559.9750589952;119;122.352731588195
213;508;PANAVIAL MINA COLIBRÍ;TECFOOD;14256.1831941057;150;95.041221294038
214;2102;GYE COL. LICEO PANAMERICANO COMEDOR;COALSE;13990.3082594902;163;85.8301120214123
215;26;COL. LA CONDAMINE RETAIL;TECFOOD;13913.7695868996;168;82.8200570648786
216;543;ALPINA MACHACHI;TECFOOD;13694.3464080261;142;96.4390592114514
217;1373;GYE TEXMEX CONDUMIOS RETAIL;COALSE;13511.28586276;116;116.476602265172
218;11;ARCA SUR;TECFOOD;13199.7528751373;460;28.6951149459507
219;1815;GYE HOSP. L.V. CLÍNICA PRIVADA;COALSE;13095.1166993143;139;94.2094726569374
220;233;PLUSPETROL K1;TECFOOD;12801.2062366526;62;206.471068333107
221;186;GYE HOSP. R.G. BLANDA;COALSE;12780.9459550521;119;107.402907185312
222;1475;COL. VICTORIA´S A. COMEDOR;TECFOOD;12639.0790622531;168;75.2326134657923
223;1912;GYE OMARSA CHONGON LANGUA RETAIL;COALSE;12150.18646414;32;379.693327004375
224;1934;GYE COL. MENOR SAM COMEDOR;COALSE;11763.8204747929;163;72.1706777594657
225;1990;FUNDACION SOL DE PRIMAVERA;TECFOOD;11756.2895960188;123;95.579590211535
226;273;OCP SARDINAS RETAIL;TECFOOD;11586.1192532044;132;87.773630706094
227;787;COL. HIGHLANDS RETAIL;TECFOOD;11381.7708755512;100;113.817708755512
228;270;OCP CAYAGAMA RETAIL;TECFOOD;11110.8557126928;136;81.6974684756824
229;131;PANAVIAL AMAGUAÑA;TECFOOD;10770.4836731904;160;67.31552295744
230;2029;GYE EL CAFE EVENTOS;COALSE;10718.0126365631;80;133.975157957039
231;1398;HALLIBURTON HOTELERÍA;TECFOOD;10665.70055112;37;288.262177057297
232;1736;HORMIPISOS QUITO SUR;TECFOOD;10548.9080353197;122;86.4664593058992
233;1469;COL. TERRANOVA COMEDOR;TECFOOD;10538.6393893375;224;47.0474972738281
234;1118;HOSP. METROPOLITANO PEDIDOS ESPECIALES RETAIL;TECFOOD;10324.4284961352;178;58.0024072816584
235;1072;HOSP. METROPOLITANO EVENTOS;TECFOOD;9992.297789489;159;62.8446401854654
236;551;ORION EL ENO RETAIL;TECFOOD;9893.70628072;65;152.210865857231
237;1520;CLUB DEPORTIVO U. CATÓLICA PROFESIONAL;TECFOOD;9431.507360315;145;65.044878347
238;1037;GYE HOSP. R.G. CLINICA PRIVADA;COALSE;9278.0032562386;125;74.2240260499088
239;1082;HOSP. METROPOLITANO ADMINISTRACIÓN RETAIL;TECFOOD;9253.05356668;64;144.578961979375
240;2126;GYE OMARSA ISLA PUNÁ 2 RETAIL;COALSE;9227.01720538;16;576.68857533625
241;1914;GYE OMARSA PUERTO INCA RETAIL;COALSE;9220.44721615;27;341.498045042593
242;803;COL. LICEO ORTEGA RETAIL;TECFOOD;9205.4793367164;145;63.4860643911476
243;1670;DANEC EVENTOS;TECFOOD;9122.9865855955;156;58.4806832409968
244;1466;COL. WILLIAM SHAKESPEARE COMEDOR;TECFOOD;9083.3315052531;202;44.9669876497678
245;1070;HOSP. METROPOLITANO LA ROTONDA MENÚ RETAIL;TECFOOD;9069.2621027271;110;82.4478372975191
246;981;ELAPLAS;TECFOOD;8999.0082777107;195;46.1487603985164
247;82;AGLOMERADOS COTOPAXI 2;TECFOOD;8847.8034353497;242;36.5611712204533
248;756;GYE DURAGAS S.A. EVENTOS;COALSE;8833.791292654;39;226.50746904241
249;188;GYE HOSP. R.G. DIETA GENERAL;COALSE;8765.8994682178;119;73.6630207413261
250;533;GH 112 SUMINISTROS PCP UIO;TECFOOD;8613.13971475;33;261.004233780303
251;197;GYE HOSP. L.V. DIETA HIPERPROTÉICA;COALSE;8571.6158572693;134;63.9672825169351
252;271;OCP PÁRAMO RETAIL;TECFOOD;8480.2330737425;126;67.3034370931945
253;1532;PETROECUADOR NPF HOTELERÍA;TECFOOD;8434.1697653;37;227.950534197297
254;797;COL. WILLIAM SHAKESPEARE RETAIL;TECFOOD;8323.87142971;98;84.9374635684694
255;244;OCP PEDRO VICENTE M.;TECFOOD;8216.1395353576;129;63.6910041500589
256;110;CPP RETAIL;TECFOOD;8207.24123049;69;118.945525079565
257;1655;TELEVICENTRO;TECFOOD;8182.2831893796;127;64.4274266880284
258;2003;GYE GRUPO GRUPASA RETAIL;COALSE;8132.43810834;63;129.08631918
259;706;GH 112 SUMINISTROS PCP SGQ;TECFOOD;7939.5185929;37;214.581583591892
260;552;ORION TETETES RETAIL;TECFOOD;7668.61707199;68;112.773780470441
261;1863;GYE LA FABRIL MANTA EVENTOS;COALSE;7588.7721313481;109;69.6217626729184
262;587;AGLOMERADOS COTOPAXI EVENTOS;TECFOOD;7555.4830292233;53;142.556283570251
263;1470;COL. LICEO ORTEGA COMEDOR;TECFOOD;7466.9374640154;189;39.5076056297111
264;1681;COL. JULIO VERNE RETAIL;TECFOOD;7185.6182913968;93;77.2647128107183
265;1035;FERRERO SUMINISTROS;TECFOOD;7135.9916171858;118;60.4745052303881
266;1529;PETROECUADOR SPF HOTELERÍA;TECFOOD;7103.41114574;46;154.42198142913
267;272;OCP PEDRO VICENTE M. RETAIL;TECFOOD;6916.2157073;120;57.6351308941667
268;2006;GYE GRUPO GRUPASA EVENTOS;COALSE;6885.8198601737;31;222.123221295926
269;632;GYE PRONACA PL AVES BUCAY EVENTOS;COALSE;6591.1757037472;22;299.598895624873
270;1678;COL. JULIO VERNE COMEDOR;TECFOOD;6328.9750194853;167;37.898054008894
271;1913;GYE OMARSA PUERTO INCA 2 RETAIL;COALSE;6306.926;11;573.356909090909
272;1639;GYE OMARSA PUNTA CARNERO;COALSE;6121.2188831966;137;44.6804298043547
273;1987;CCDC – RIG 28 HOTELERIA;TECFOOD;6032.33188565;38;158.745575938158
274;1286;PLUSPETROL VILLANO A COFFEE POINTS;TECFOOD;5909.70861451;92;64.2359632011957
275;433;ENIGAS NORTE;TECFOOD;5871.3537564422;120;48.9279479703517
276;1284;PLUSPETROL CPF COFFEE POINTS;TECFOOD;5859.74550455;90;65.1082833838889
277;1380;COL. LICEO INTERNACIONAL COMEDOR;TECFOOD;5712.8967269766;183;31.2180149015115
278;1455;PLUSPETROL VILLANO A RETAIL;TECFOOD;5689.51719967;52;109.413792301346
279;769;GYE HOSP. L.V. DIETA CREMOSITO;COALSE;5606.9377610675;116;48.3356703540302
280;746;COL. AMERICANO EVENTOS;TECFOOD;5031.1857968833;47;107.046506316666
281;892;PLUSPETROL CPF RETAIL;TECFOOD;4788.19852485;52;92.0807408625
282;618;GYE OMARSA PLANTA EVENTOS;COALSE;4570.86951876;23;198.733457337391
283;569;ECUAJUGOS CD EVENTOS;TECFOOD;4538.1118561925;44;103.138905822557
284;1259;GYE PLANTABAL S.A. EVENTOS;COALSE;4474.0599901177;17;263.179999418688
285;1989;GYE GRUPO DIFARE SUMINISTROS;COALSE;4471.88440741;68;65.7630059913235
286;1439;PLUSPETROL CPF HOTELERÍA;TECFOOD;4290.13730244;34;126.180508895294
287;1063;HOSP. METROPOLITANO LA ROTONDA RETAIL;TECFOOD;4104.4396060268;90;45.6048845114089
288;576;ECUAJUGOS FABRICA EVENTOS;TECFOOD;4087.8570100926;39;104.816846412631
289;904;GPF PROVEFARMA CD EVENTOS;TECFOOD;4028.4417034532;55;73.24439460824
290;1074;GYE PRONACA PL DURÁN (COMBO);COALSE;3972.2106744092;135;29.4237827734015
291;573;ARCA CALDERÓN EVENTOS;TECFOOD;3936.5974390892;89;44.2314318998787
292;1826;GYE EXPOTUNA SUMINISTROS;COALSE;3936.2405673358;70;56.2320081047972
293;1419;PLUSPETROL VILLANO A HOTELERÍA;TECFOOD;3924.0351705;31;126.581779693548
294;534;OCP CHIQUILPE RETAIL;TECFOOD;3799.5337857201;67;56.7094594883597
295;1709;DANEC RETAIL MENÚ;TECFOOD;3773.5920087453;324;11.6468889158806
296;1042;FERRERO EVENTOS;TECFOOD;3648.6696729525;28;130.309631176875
297;1611;GYE HORMIPISOS CUENCA;COALSE;3525.4178450036;114;30.9247179386281
298;1864;GYE LA FABRIL MANTA MULTIUSOS EVENTOS;COALSE;3447.1375945295;65;53.0328860696846
299;2137;GYE CONTECON S.A. EVENTOS;COALSE;3316.5241184133;5;663.30482368266
300;702;COL. EINSTEIN EVENTOS;TECFOOD;3299.5424509583;38;86.8300644989026
301;1276;PLUSPETROL ARCHIDONA RETAIL;TECFOOD;3265.87830077;10;326.587830077
302;1064;GYE OMARSA BRISAS EVENTOS;COALSE;3248.01582326;18;180.445323514444
303;242;OCP CHIQUILPE;TECFOOD;3243.566277355;65;49.9010196516154
304;1783;FLOREQUISA EVENTOS;TECFOOD;3172.0902233696;82;38.6840271142634
305;2119;GYE PICA PCP GYE;COALSE;3126.9578883901;5;625.39157767802
306;1321;GYE IPAC S.A. SUMINISTROS;COALSE;3038.07036812;63;48.2233391765079
307;1232;GYE LA REFORMA SUMINISTROS;COALSE;3026.71778884;65;46.5648890590769
308;1690;COL. INTISANA EVENTOS;TECFOOD;3022.4092707678;39;77.4976736094308
309;1298;GYE LA FABRIL AGENCIA EVENTOS;COALSE;3022.1646745231;47;64.301376053683
310;1050;HOSP. VOZANDES EVENTOS;TECFOOD;2958.9986076873;76;38.9341922064118
311;710;COL. SEK UIO EVENTOS;TECFOOD;2952.2501877031;20;147.612509385155
312;1909;CLUB DEPORTIVO IDV PROFESIONAL RETAIL;TECFOOD;2903.19929935;80;36.289991241875
313;1127;INAEXPO PL STO. DGO. EVENTOS;TECFOOD;2891.1851115766;46;62.8518502516652
314;755;COL. MENOR EVENTOS;TECFOOD;2842.8521731867;29;98.0293852823
315;1984;GYE PROMARISCO RETAIL;COALSE;2808.68837162;34;82.6084815182353
316;1342;GYE CALBAQ S.A. SUMINISTROS;COALSE;2601.77857799;68;38.2614496763235
317;608;ARCA STO. DOMINGO EVENTOS;TECFOOD;2499.8676862278;45;55.5526152495067
318;2120;GYE PICA SUMINISTROS;COALSE;2313.84999086;27;85.6981478096296
319;1537;PETROECUADOR SHUSHUFINDI RETAIL;TECFOOD;2271.70391788;33;68.8395126630303
320;869;GYE BANALIGHT S.A. EVENTOS;COALSE;2238.3928292206;12;186.532735768383
321;1255;GYE TELCONET EVENTOS;COALSE;2195.4758910462;26;84.4413804248539
322;580;AVON EVENTOS;TECFOOD;2155.9794679195;60;35.9329911319917
323;2008;CCDC JACKUP RIG HOTELERIA;TECFOOD;2138.89849335;39;54.8435511115385
324;1437;PARDALIS HOTELERÍA;TECFOOD;2129.95468159;35;60.8558480454286
325;901;NATUFLOR EVENTOS;TECFOOD;2092.2631413088;11;190.205740118982
326;1908;CLUB DEPORTIVO IDV FORMATIVA RETAIL;TECFOOD;2021.858065;84;24.0697388690476
327;336;GYE HOSP. L.V. DIETA LÍQUIDA;COALSE;1967.6517784924;118;16.6750150719695
328;1414;PLUSPETROL BAEZA HOTELERÍA;TECFOOD;1964.4744352076;49;40.0913150042367
329;1383;COL. LICEO INTERNACIONAL EVENTOS;TECFOOD;1928.9177529182;24;80.3715730382583
330;1769;GYE GRAFIMPAC SUMINISTROS;COALSE;1877.63901598;53;35.4271512449057
331;1078;IMPRENTA MARISCAL PCP SGQ;TECFOOD;1875.5347607679;26;72.1359523372269
332;1501;GYE MARBELIZE S.A. RETAIL;COALSE;1808.16323387;19;95.1664859931579
333;1664;GYE PRODUBANCO SUMINISTROS;COALSE;1798.474898045;65;27.6688445853077
334;1717;GYE PRONACA CD EVENTOS;COALSE;1797.346609296;13;138.257431484308
335;836;ECOFROZ EVENTOS;TECFOOD;1794.1616010181;31;57.8761806780032
336;1710;DANEC RETAIL;TECFOOD;1768.20603381;35;50.5201723945714
337;935;GH 100 SUMINISTROS COMEDOR UIO;TECFOOD;1751.2217712516;58;30.1934788146828
338;1435;OCP AMAZONAS HOTELERÍA;TECFOOD;1733.77318474;34;50.9933289629412
339;1418;PLUSPETROL SARAYACU HOTELERÍA;TECFOOD;1712.20817551;37;46.2758966354054
340;704;GYE BIMBO S.A. EVENTOS;COALSE;1710.5182502633;29;58.9833879401138
341;1343;GYE CALBAQ S.A. EVENTOS;COALSE;1703.3325906579;17;100.196034744582
342;1836;GYE LATAMFIBERHOME SUMINISTROS;COALSE;1662.43840446;51;32.59683146
343;1403;ORION EL ENO HOTELERÍA;TECFOOD;1659.67311535;33;50.2931247075758
344;2122;OCP CUARTO DE CONTROL RETAIL;TECFOOD;1643.92697024;48;34.2484785466667
345;1401;OCP BALAO HOTELERÍA;TECFOOD;1628.223344;34;47.8889218823529
346;1162;GYE LETERAGO SUMINISTROS;COALSE;1591.77071749;52;30.6109753363462
347;1022;GYE INPROEL S.A. SUMINISTROS;COALSE;1588.98546095;44;36.1133059306818
348;1386;GYE PLANTABAL S.A. RETAIL;COALSE;1585.46851498;8;198.1835643725
349;699;GYE PROMARISCO EVENTOS;COALSE;1576.385013677;82;19.2242074838659
350;1617;GYE AUTOMOTORES Y ANEXOS EVENTOS;COALSE;1524.7792387265;8;190.597404840813
351;581;CONFITECA C.A. EVENTOS;TECFOOD;1519.3503939453;41;37.0573266815927
352;1436;ORION TETETES HOTELERÍA;TECFOOD;1502.944156;34;44.204239882353
353;1012;GYE DURAGAS S.A. SUMINISTROS;COALSE;1499.4132057;65;23.0678954723077
354;575;FV SANITARIOS EVENTOS;TECFOOD;1497.4734664724;41;36.5237430846927
355;1219;GYE PROMESA S.A. SUMINISTROS;COALSE;1492.24777308;66;22.6098147436364
356;2025;GYE YILPORT RETAIL;COALSE;1486.2612953;5;297.25225906
357;1158;GYE PROMAPLAST S.A. SUMINISTROS;COALSE;1479.2703841;66;22.4131876378788
358;1337;CRANSA S.A. EVENTOS;TECFOOD;1442.9340280979;51;28.292824080351
359;1301;GYE MABE EVENTOS;COALSE;1437.3991878725;17;84.5528934042647
360;1858;GYE LA FABRIL MANTA RETAIL;COALSE;1423.4398923;62;22.9587079403226
361;1408;OCP SARDINAS HOTELERÍA;TECFOOD;1407.30607767;35;40.2087450762857
362;964;HUMANA SUMINISTROS;TECFOOD;1396.299988424;96;14.5447915460833
363;1376;COL. LA CONDAMINE EVENTOS;TECFOOD;1367.1408867458;21;65.1019469878952
364;577;FV GRIFERIA EVENTOS;TECFOOD;1338.4541820141;35;38.2415480575457
365;658;CPP EVENTOS;TECFOOD;1321.5861044475;6;220.26435074125
366;686;GYE CLÍNICA ADMINISTRACIÓN EVENTOS;COALSE;1318.1370203278;20;65.90685101639
367;1438;PETROBELL INDUSTRIALES HOTELERÍA;TECFOOD;1315.63182398;34;38.6950536464706
368;1299;GYE INDURAMA PCP GYE SUMINISTROS;COALSE;1301.75177211;48;27.119828585625
369;1457;GYE GRUPO FAMILIA EVENTOS;COALSE;1290.737653848;6;215.122942308
370;2068;ENAP SIPEC - QUIMIPAC RETAIL;TECFOOD;1290.6432;32;40.3326
371;1916;GYE OMARSA PUERTO INCA 1 RETAIL;COALSE;1264.1777998;7;180.596828542857
372;1605;GYE AUTOMOTORES Y ANEXOS SUMINISTROS;COALSE;1260.18496619;64;19.6903900967188
373;744;COL. SEK VALLES EVENTOS;TECFOOD;1246.4507340368;22;56.6568515471273
374;847;COL. LICEO ORTEGA EVENTOS;TECFOOD;1243.55123841;18;69.0861799116667
375;1997;FLORASINTESIS SUMINISTROS;TECFOOD;1229.3254349454;90;13.6591714993933
376;1404;OCP CAYAGAMA HOTELERÍA;TECFOOD;1211.40970604;34;35.6296972364706
377;1496;PLUSPETROL OFICINAS QUITO HOTELERÍA;TECFOOD;1190.06177131;11;108.187433755455
378;1500;GYE ASISERVY RETAIL;COALSE;1173.00516336;20;58.650258168
379;834;COL. HIGHLANDS EVENTOS;TECFOOD;1171.2188584818;10;117.12188584818
380;2062;GYE TERMINAL PORTUARIO EVENTO;COALSE;1163.9819684902;8;145.497746061275
381;1696;COL. LOS PINOS EVENTOS;TECFOOD;1157.2736447503;27;42.8619868426037
382;1319;MAXIPAN SUMINISTROS;TECFOOD;1132.689213659;70;16.1812744808429
383;1283;PLUSPETROL BAEZA COFFEE POINTS;TECFOOD;1068.23560029;65;16.4343938506154
384;570;ARCA SUR EVENTOS;TECFOOD;1067.670251508;23;46.4204457177391
385;1253;GYE GRAIMAN EVENTOS;COALSE;1052.0292990908;21;50.0966332900381
386;945;COL. MONTEBELLO A. EVENTOS;TECFOOD;1048.48949552;16;65.53059347
387;2074;DIPOR AMAGUAÑA EVENTO;TECFOOD;1021.5612664821;23;44.4157072383522
388;1282;GYE SOLUBLES INSTANTÁNEOS SUMINISTROS;COALSE;1016.89150506;65;15.6444846932308
389;851;JABONERÍA WILSON EVENTOS;TECFOOD;989.58032556;46;21.5126157730435
390;1902;HOSP. SOLCA ADMINISTRACION EVENTOS;TECFOOD;981.7205862185;9;109.080065135389
391;1131;JURIS PLANTA SANGOLQUÍ EVENTOS;TECFOOD;978.4651010441;12;81.5387584203417
392;628;LETERAGO EVENTOS;TECFOOD;937.94031213;20;46.8970156065
393;566;ARCA NORTE EVENTOS;TECFOOD;929.6331831853;43;21.6193763531465
394;1786;GYE EXPOSYNERGY EVENTOS;COALSE;907.56895754;13;69.8129967338462
395;2073;ENAP SIPEC RETAIL;TECFOOD;885.1073209394;37;23.9218194848487
396;1808;GYE LOTERÍA NACIONAL SUMINISTROS;COALSE;866.6018522;39;22.2205603128205
397;662;GYE OMARSA ISLA PUNÁ EVENTOS;COALSE;866.12768005;6;144.354613341667
398;1536;PETROECUADOR SHUSHUFINDI HOTELERÍA;TECFOOD;850.65029514;34;25.0191263276471
399;1921;CLUB DEPORTIVO IDV FORMATIVA EVENTOS;TECFOOD;839.2902993194;6;139.881716553233
400;1406;OCP PÁRAMO HOTELERÍA;TECFOOD;802.7132173;33;24.3246429484848
401;1130;SUKASA EVENTOS;TECFOOD;777.9897090682;18;43.2216505037889
402;1416;PLUSPETROL K1 HOTELERÍA;TECFOOD;771.73492652;9;85.7483251688889
403;1839;GYE INTEROC SUMINISTROS;COALSE;760.20716033;32;23.7564737603125
404;951;FV SALAS DE VENTA SUMINISTROS;TECFOOD;756.61651009;34;22.2534267673529
405;926;FESA SUMINISTROS;TECFOOD;756.3211179262;72;10.5044599711972
406;1279;GYE TESALIA EVENTOS;COALSE;755.9405984049;11;68.7218725822637
407;2060;GYE TERMINAL PORTUARIO SUMINISTROS;COALSE;729.08461099;47;15.5124385317021
408;703;COL. TERRANOVA EVENTOS;TECFOOD;717.2317147782;30;23.90772382594
409;1833;GYE BANCO DE MIRO SUMINISTROS;COALSE;701.7285727;40;17.5432143175
410;669;PANAVIAL GUAYLLABAMBA EVENTOS;TECFOOD;697.1494553597;11;63.3772232145182
411;2044;ENAP SIPEC EVENTOS;TECFOOD;681.6162191885;6;113.602703198083
412;2061;DIPOR AMAGUAÑA PCP SGQ;TECFOOD;671.2720349333;10;67.12720349333
413;1812;GYE COL. JOSÉ DOMINGO SANTISTEVAN SUMINISTROS;COALSE;650.53852494;54;12.0470097211111
414;1748;CLUB DEPORTIVO U. CATÓLICA FORMATIVA EVENTOS;TECFOOD;647.3798776453;4;161.844969411325
415;444;ENIGAS BEATERIO RETAIL;TECFOOD;644.3;32;20.134375
416;1923;GYE JBG OFICINA CENTRAL PCP GYE SUMINISTROS;COALSE;633.70914765;30;21.123638255
417;1742;GYE RANSA EVENTOS;COALSE;626.6741946667;14;44.7624424761929
418;1407;OCP PEDRO VICENTE M. HOTELERÍA;TECFOOD;613.89322894;33;18.6028251193939
419;144;PANAVIAL IBARRA RETAIL;TECFOOD;608;28;21.7142857142857
420;780;GYE COL. SEK EVENTOS;COALSE;592.29279148;5;118.458558296
421;1656;TELEVICENTRO RETAIL;TECFOOD;588.9738300664;41;14.3652153674732
422;1322;GYE IPAC S.A. EVENTOS;COALSE;588.177572525;15;39.2118381683333
423;1859;GYE LA FABRIL MANTA MULTIUSOS RETAIL;COALSE;588.1060153;42;14.0025241738095
424;1811;GYE COL. SANTA LUISA DE MARILLAC SUMINISTROS;COALSE;575.44943037;49;11.7438659259184
425;2005;PLUSPETROL OFICINAS QUITO EVENTOS;TECFOOD;570.09511059;11;51.8268282354546
426;1116;LOGIKARD SUMINISTROS;TECFOOD;546.6226203616;68;8.03856794649412
427;1705;COL. INTISANA CORTESIAS;TECFOOD;539.3948496095;15;35.9596566406333
428;767;GYE ECUASAL EVENTOS;COALSE;528.0841122;3;176.0280374
429;136;PANAVIAL AMBUQUÍ RETAIL;TECFOOD;520;30;17.3333333333333
430;1145;JURIS PLANTA CARCELÉN SUMINISTROS;TECFOOD;516.195444188;63;8.1935784791746
431;2118;GYE ALMACENES DE PRATI S.A. SUMINISTROS;COALSE;514.92899572;31;16.6106127651613
432;1285;PLUSPETROL SARAYACU COFFEE POINTS;TECFOOD;498.8274;66;7.55799090909091
433;1739;GYE ACCIONA S.A. SUMINISTROS;COALSE;497.6661221;42;11.8491933833333
434;1932;GYE LABORATORIOS SIEGFRIED SUMINISTROS;COALSE;480.14146666;31;15.4884344083871
435;1967;GYE CEMENTERIO PATRIMONIAL JBG SUMINISTROS;COALSE;476.30881398;65;7.32782790738462
436;1017;GYE GH 100 COMEDOR (TRÉBOL VERDE) SUMINISTROS;COALSE;469.204;33;14.218303030303
437;806;GYE COL. MENOR SAM EVENTOS;COALSE;445.31207033;5;89.062414066
438;812;BIMBO EVENTOS;TECFOOD;444.2841808179;19;23.3833779377842
439;1333;ECOFROZ AGUA CLARA EVENTOS;TECFOOD;444.23167086;10;44.423167086
440;583;GYE PRODUBANCO EVENTOS;COALSE;434.81373915;6;72.468956525
441;739;GYE MARBELIZE S.A. EVENTOS;COALSE;432.7467170551;21;20.6069865264333
442;1925;CORPFRUT PCP SGQ RETAIL;TECFOOD;430.0176908;8;53.75221135
443;2046;TESSA PICASSO EVENTOS;TECFOOD;411.7446843548;8;51.46808554435
444;1740;I.E.P.E.S.A. EVENTOS;TECFOOD;406.23555314;15;27.0823702093333
445;1665;PETROECUADOR SHUSHUFINDI RETAIL LAGO AGRIO;TECFOOD;405.68115409;10;40.568115409
446;146;PANAVIAL PIFO RETAIL;TECFOOD;404;15;26.9333333333333
447;2020;GYE EL UNIVERSO PCP SUMINISTROS;COALSE;400.98799995;34;11.7937647044118
448;2064;GYE TESALIA ADMINISTRACIÓN SUMINISTROS;COALSE;392.41221654;20;19.620610827
449;1081;GYE PRONACA INCUBADORA INCA SUMINISTROS;COALSE;372.30217153;31;12.0097474687097
450;1230;GYE SANTA PRISCILA 2 EVENTOS;COALSE;370.4402720501;3;123.480090683367
451;1291;GYE SOLUBLES INSTANTANEOS EVENTOS;COALSE;351.3254484271;7;50.1893497753
452;1616;GYE PRONACA PL AVES BUCAY RETAIL;COALSE;350.069422;5;70.0138844
453;1623;BATERIAS ECUADOR PCP SGQ;TECFOOD;348.121472429;7;49.7316389184286
454;593;PANAVIAL PIFO EVENTOS;TECFOOD;345.2470550154;10;34.52470550154
455;670;PANAVIAL IBARRA EVENTOS;TECFOOD;335.8007827261;11;30.5273438841909
456;1372;INDUFRANCE SUMINISTROS;TECFOOD;326.2180185262;67;4.86892564964478
457;1608;GYE HORMIPISOS DURAN SUMINISTROS;COALSE;319.82199928;55;5.81494544145455
458;777;GYE PICA S.A. EVENTOS;COALSE;318.390265286;6;53.0650442143333
459;1492;GYE SWISSGAS SUMINISTROS;COALSE;315.69026595;32;9.8653208109375
460;1851;GYE LINDE SUMINISTROS;COALSE;305.16743262;49;6.22790678816327
461;2024;GYE EXPOCULTIVOS GRANCOMAR RETAIL;COALSE;303.19598737;3;101.065329123333
462;594;AYMESA EVENTOS;TECFOOD;290.957071883;6;48.4928453138333
463;2037;GYE GRUPO DUREXPORTA SUMINISTROS;COALSE;283.31115784;25;11.3324463136
464;1679;COL. JULIO VERNE EVENTOS;TECFOOD;282.1947;4;70.548675
465;509;PANAVIAL MINA COLIBRÍ RETAIL;TECFOOD;276;12;23
466;1077;GYE KUBIEC S.A. PETRILLO EVENTOS;COALSE;274.503360033;3;91.501120011
467;1497;PLUSPETROL OFICINAS QUITO RETAIL;TECFOOD;265.86967216;8;33.23370902
468;762;PETROBELL OFICINAS RETAIL EVENTOS;TECFOOD;264.9102316;3;88.3034105333334
469;1147;GYE JURIS SUMINISTROS;COALSE;263.99868948;31;8.51608675741936
470;1155;GYE PROEXPO EVENTOS;COALSE;259.5864234;1;259.5864234
471;1303;GYE INDURAMA PCP GYE EVENTOS;COALSE;255.37024952;5;51.074049904
472;2134;GYE AGRISON V2 S.A. SUMINISTROS;COALSE;251.56284634;26;9.67549409
473;1988;GYE GRUPO DIFARE PCP GYE;COALSE;249.0296;1;249.0296
474;529;OCP QUININDE RETAIL;TECFOOD;244.5007147;4;61.125178675
475;588;GYE PRONACA PL DURÁN EVENTOS;COALSE;244.06080287;7;34.8658289814286
476;2051;GYE SEGUROS CÓNDOR SUMINISTROS;COALSE;212.85149117;36;5.91254142138889
477;2059;OMARSA CAMAREXPO EVENTOS GYE;COALSE;183.78646436;4;45.94661609
478;2110;OCP CUARTO DE CONTROL SUMINISTROS;TECFOOD;170.461221196;33;5.16549155139394
479;1945;GYE JBG OFICINA CENTRAL EVENTOS;COALSE;149.76701361;5;29.953402722
480;2076;JABONERÍA WILSON NNUU SUMINISTROS;TECFOOD;137.64583936;47;2.92863488
481;1446;GYE HOSP. NEUROCIENCIAS EVENTOS;COALSE;133.459005392;14;9.53278609942857
482;1799;GYE LOTERÍA NACIONAL EVENTOS;COALSE;133.237426175;4;33.30935654375
483;1370;GYE HOSPC. CORAZON DE JESÚS EVENTOS;COALSE;133.105209;6;22.1842015
484;1762;GYE PRONACA PL AVES EN PIE EVENTOS;COALSE;124.0616024198;3;41.3538674732667
485;1969;GYE CEMENTERIO PATRIMONIAL JBG EVENTOS;COALSE;119.7374432697;8;14.9671804087125
486;132;PANAVIAL AMAGUAÑA RETAIL;TECFOOD;117;22;5.31818181818182
487;1009;COL. VICTORIA'S A. EVENTOS;TECFOOD;114.9382;6;19.1563666666667
488;2088;JABONERÍA WILSON NNUU EVENTO;TECFOOD;109.90891222;13;8.45453170923077
489;1867;CORPFRUT EVENTOS;TECFOOD;97.26;5;19.452
490;599;GYE AJE BIG COLA EVENTOS;COALSE;94.6904;1;94.6904
491;1197;GYE AJE BIG COLA PCP GYE SUMINISTROS;COALSE;93;6;15.5
492;1901;GYE LATAMFIBERHOME EVENTOS;COALSE;88.6218488933;4;22.155462223325
493;2031;GYE ECUAVISA EVENTOS;COALSE;87.9824733576;2;43.9912366788
494;611;GYE MOLINOS CHAMPIONS S.A. EVENTOS;COALSE;85.63524436;2;42.81762218
495;674;PANAVIAL AMBUQUÍ EVENTOS;TECFOOD;75.2232115533;2;37.61160577665
496;586;GYE HOSP. R.G. EVENTOS;COALSE;74.62507481;3;24.8750249366667
497;1972;GYE COL. SANTA LUISA DE MARILLAC EVENTOS;COALSE;72.590650935;3;24.196883645
498;681;PANAVIAL AMBATO EVENTOS;TECFOOD;70.1865403;2;35.09327015
499;876;EL ORDEÑO PCP SGQ;TECFOOD;69.2023019906;6;11.5337169984333
500;705;PARDALIS EVENTOS;TECFOOD;68.4809;3;22.8269666666667
501;2001;GYE BANCO DE MIRO EVENTOS;COALSE;63.8964426305;3;21.2988142101667
502;1221;GYE PROMESA S.A. EVENTOS;COALSE;47.798755828;5;9.5597511656
503;1879;GYE COL. JOSÉ DOMINGO SANTISTEVAN EVENTOS;COALSE;47.7165866604;3;15.9055288868
504;1993;GYE GRAFIMPAC S.A. EVENTOS;COALSE;46.2617761203;11;4.20561601093636
505;1132;JURIS PLANTA CARCELÉN EVENTOS;TECFOOD;41.0113566;4;10.25283915
506;1065;SUKASA PCP SGQ;TECFOOD;40.98841405;5;8.19768281
507;855;COL. WILLIAM SHAKESPEARE EVENTOS;TECFOOD;34.46018817;2;17.230094085
508;653;ENIGAS BEATERIO EVENTOS;TECFOOD;31.95119562;2;15.97559781
509;142;PANAVIAL GUAYLLABAMBA RETAIL;TECFOOD;31;17;1.82352941176471
510;1899;GYE EXPOTUNA EVENTOS;COALSE;28.3379;3;9.44596666666667
511;1840;CORPFRUT PCP SGQ;TECFOOD;26.25105409;4;6.5627635225
512;67;HUMANA PCP UIO;TECFOOD;23.77070301;1;23.77070301
513;782;ALPINA MACHACHI EVENTOS;TECFOOD;17.4944;2;8.7472
514;604;GYE PROMAPLAST S.A. PCP GYE;COALSE;12.0716349591;1;12.0716349591
515;1341;GYE CALBAQ S.A. PCP GYE;COALSE;11.6289099606;1;11.6289099606
516;1933;GYE LABORATORIOS SIEGFRIED EVENTOS;COALSE;9.3161799195;3;3.1053933065
517;1737;FV SALAS DE VENTA EVENTOS;TECFOOD;8.62919999;1;8.62919999
518;1716;GYE RANSA PCP GYE SUMINISTROS;COALSE;6.28;1;6.28
519;1256;GYE HEINEKEN EVENTOS;COALSE;5.92;3;1.97333333333333
520;198;GYE LETERAGO PCP GYE;COALSE;5.90299998;1;5.90299998
521;1810;GYE COL. JOSÉ DOMINGO SANTISTEVAN PCP GYE;COALSE;5.8439699802;1;5.8439699802
522;1809;GYE COL. SANTA LUISA DE MARILLAC PCP GYE;COALSE;5.7849399804;1;5.7849399804
523;1832;GYE BANCO DE MIRO PCP GYE;COALSE;4.8948732;1;4.8948732
524;1491;GYE SWISSGAS PCP GYE;COALSE;2.6858649909;1;2.6858649909
