id;tema;hallazgo;interpretacion;recomendacion;indicador_seguimiento
1;Concentración de clientes;289 clientes concentran 98.6% de las ventas.;La mayor parte del valor depende del grupo de clientes con actividad y aporte superiores.;Aplicar seguimiento diferenciado a la cartera de mayor aporte y revisar mensualmente continuidad y concentración.;Participación de ventas y clientes activos del segmento principal.
2;Clientes de baja actividad;235 clientes presentan una recencia promedio de 39.3 días.;La baja actividad no demuestra abandono, pero permite priorizar una revisión comercial.;Priorizar los clientes por reactivar según valor histórico, recencia y frecuencia antes de ejecutar contactos comerciales.;Clientes reactivados, recencia y ventas posteriores al contacto.
3;Valor y rotación de productos;CERDO DESHUESADO PROCESADO 3 KG lidera por valor, mientras TOMATE RIÑON REGULAR PINTON AL GRANEL 1 KG lidera por frecuencia.;Impacto económico y rotación representan decisiones distintas de abastecimiento.;Planificar por separado productos de alto valor y productos de alta rotación para evitar decisiones basadas en un solo ranking.;Ventas, frecuencia de egresos y disponibilidad por producto.
4;Comportamiento temporal;Demanda estable representa 66.3% del valor analizado.;La estabilidad concentra el valor, mientras los cambios de tendencia requieren seguimiento diferenciado.;Mantener una base de reposición para la demanda estable y revisar mensualmente productos crecientes, decrecientes e intermitentes.;Productos y ventas por segmento temporal cada mes.
5;Planificación con pronóstico;El modelo seleccionado proyecta $2,777,369 a 30 días con WAPE de 6.37%.;La proyección es una referencia operativa con error histórico medido, no una cifra garantizada.;Usar la proyección como referencia para capacidad y compras, comparando posteriormente ventas observadas y proyectadas.;WAPE mensual y diferencia entre venta observada y proyectada.
6;Gestión por responsable;GABRIEL ROJAS gestiona el mayor valor: $2,112,349.;El valor gestionado no equivale a cumplimiento ni rentabilidad porque no existen metas ni costos.;"Comparar responsables por valor, egresos y clientes; no calificarlos por cumplimiento hasta disponer de metas reales.";"Ventas, egresos y clientes por responsable; cumplimiento cuando existan metas."
7;Seguimiento de agosto;El periodo 1-16 de agosto varia -11.6% frente al promedio comparable previo.;Además de ser parcial, agosto muestra una reducción frente a periodos equivalentes anteriores.;Revisar clientes, clasificaciones y productos que explican la disminución comparable de agosto antes de atribuirla solo al corte parcial.;Ventas acumuladas de los primeros 16 dias frente a periodos comparables.
8;Precios simbólicos;123 registros utilizan el precio simbólico de $0.0001.;El valor es positivo y procede de la fuente, pero no debe presentarse redondeado como una venta de $0.;Validar con el área responsable la naturaleza de esos registros y definir una regla antes de incluirlos o excluirlos de KPI comerciales.;Registros simbólicos pendientes, clasificados y resueltos.
9;Ampliación de fuentes;La fuente no contiene metas, costos internos ni zonas.;La ausencia impide medir rentabilidad, cumplimiento y desempeño geográfico.;Incorporar en una futura versión tablas autorizadas de metas, costos y zonas con claves y periodicidad definidas.;Cobertura de metas, costos y zonas en el modelo.
