cliente_id;cliente;empresa;segmento;recencia_dias;frecuencia_egresos;ventas;ticket_promedio;productos_diferentes;dias_activos;cluster;componente_1;componente_2
828;ECOFROZ;TECFOOD;Clientes estrategicos;3;297;121263.821784102;408.295696242767;415;65;1;-2.62726233442524;0.293607402782784
872;GH 100 COMEDOR PCP SGQ;TECFOOD;Clientes estrategicos;2;949;604897.281220313;637.404932792743;702;165;1;-4.01891370561332;0.125669287151283
527;GYE AJE BIG COLA;COALSE;Clientes estrategicos;0;281;101016.287813041;359.488568729683;334;66;1;-2.86029698762793;-0.389712660831092
690;GYE BIMBO S.A.;COALSE;Clientes estrategicos;3;162;90790.6312803641;560.435995557803;327;35;1;-2.14223951817831;0.693697970742623
1633;GYE CASJUCA;COALSE;Clientes estrategicos;3;152;110923.647924774;729.760841610352;319;33;1;-2.19484783498214;0.868668371828782
1030;GYE EGRESOS PCP GYE;COALSE;Clientes estrategicos;0;1051;1366081.77883438;1299.79236806316;465;195;1;-4.62734323029485;-0.0343213414581194
1252;GYE HEINEKEN;COALSE;Clientes estrategicos;3;159;36380.6215729692;228.808940710498;333;34;1;-1.7353083429596;0.182328079088662
1049;GYE KUBIEC S.A. PETRILLO;COALSE;Clientes estrategicos;3;288;99157.9878726603;344.298569002293;346;66;1;-2.49082361233657;0.163574922247364
1087;GYE SANTA PRISCILA VIA DAULE;COALSE;Clientes estrategicos;3;291;214631.32073382;737.564676061236;328;67;1;-2.81966119812705;0.59716581679696
875;NATUFLOR;TECFOOD;Clientes estrategicos;3;151;51932.2738393209;343.922343306761;342;33;1;-1.88272211651264;0.437153033131964
11;ARCA SUR;TECFOOD;Clientes estrategicos;2;460;13199.7528751373;28.6951149459507;303;98;1;-1.84897492539705;-1.58011237843991
8;ARCA CALDERON;TECFOOD;Clientes estrategicos;2;402;45317.4118157874;112.729880138775;366;98;1;-2.42593107040312;-0.758888322728271
9;ARCA NORTE;TECFOOD;Clientes estrategicos;2;430;84396.288310527;196.270437931458;372;97;1;-2.70279235027176;-0.430504940851402
5;AYMESA 1;TECFOOD;Clientes estrategicos;2;268;80930.5927665382;301.97982375574;405;63;1;-2.50081346057079;0.0086371256575023
1689;COL. INTISANA COMEDOR;TECFOOD;Clientes estrategicos;4;240;95630.481141364;398.460338089017;353;58;1;-2.35544932918634;0.397741790471808
335;CONFITECA C.A.;TECFOOD;Clientes estrategicos;2;280;91185.4845378749;325.662444778125;402;66;1;-2.57257564471812;0.0332176828826942
888;GPF PROVEFARMA CD;TECFOOD;Clientes estrategicos;2;389;166812.802183158;428.824684275471;497;70;1;-2.94611780355239;0.193229079340556
49;EDESA;TECFOOD;Clientes estrategicos;2;433;86393.1112378805;199.522196854227;408;98;1;-2.74413086896956;-0.412187866353513
1778;FLOREQUISA OPERATIVO;TECFOOD;Clientes estrategicos;2;313;192607.919451048;615.360765019322;404;66;1;-2.90931318258304;0.404244570516541
1779;FLOREQUISA ADMINISTRATIVO;TECFOOD;Clientes estrategicos;2;264;41621.2122718463;157.656107090327;263;65;1;-2.09802693220065;-0.442796387339006
1783;FLOREQUISA EVENTOS;TECFOOD;Clientes estrategicos;2;82;3172.0902233696;38.6840271142634;113;26;1;-0.287660984883804;-1.00410026153411
531;FV GRIFERIA;TECFOOD;Clientes estrategicos;2;254;97796.9176360682;385.02723478767;421;36;1;-2.37030651952526;0.367266253393843
530;FV SANITARIOS;TECFOOD;Clientes estrategicos;2;328;153464.485426662;467.879528739824;421;65;1;-2.81945023559887;0.253733113610302
1342;GYE CALBAQ S.A. SUMINISTROS;COALSE;Clientes estrategicos;2;68;2601.77857799;38.2614496763235;38;33;1;0.028795760163539;-1.24254469341288
165;GYE CLÍNICA ADMINISTRACIÓN;COALSE;Clientes estrategicos;2;130;15283.1758916003;117.562891473848;230;33;1;-1.30144624188642;-0.361050502223866
166;GYE CLÍNICA DIETAS VARIAS;COALSE;Clientes estrategicos;2;133;22083.5209531268;166.041510925765;173;33;1;-1.38201778058126;-0.199202296068184
1939;GYE COL. MENOR SAM RETAIL;COALSE;Clientes estrategicos;3;118;32886.80669282;278.701751634068;87;39;1;-1.3382260484339;0.0695706802896507
1953;GYE COL. MODERNA COMEDOR;COALSE;Clientes estrategicos;3;259;18317.4427620607;70.7237172280336;244;65;1;-1.64048815622719;-0.800748645118915
1954;GYE COL. MODERNA RETAIL;COALSE;Clientes estrategicos;3;152;46066.286909443;303.067677035809;103;43;1;-1.59106434825429;0.0989965438489051
1247;GYE ENIGAS LOMAS DE SARGENTILLO;COALSE;Clientes estrategicos;2;146;25669.7518745436;175.820218318792;283;33;1;-1.59579764829414;-0.100230678880302
1463;GYE GH 111 SUMINISTROS MEGAPAN;COALSE;Clientes estrategicos;2;357;101394.927753529;284.019405472071;181;77;1;-2.47012085836429;-0.22145093707047
1431;GYE GRUPO FAMILIA;COALSE;Clientes estrategicos;2;159;44560.354209432;280.253800059321;347;33;1;-1.90148379707762;0.198688279696554
1289;GYE LA FABRIL AGENCIA;COALSE;Clientes estrategicos;2;135;26723.277945238;197.950207001763;256;33;1;-1.57856062101735;-0.0427359201839373
1294;GYE MABE;COALSE;Clientes estrategicos;9;153;92315.5247457179;603.36944278247;350;33;1;-1.89489196763158;1.14932585540475
209;GYE OMARSA PLANTA;COALSE;Clientes estrategicos;2;191;574902.559112941;3009.96104247613;372;37;1;-3.09800487782913;1.55446709919447
1637;GYE OMARSA TABASCA;COALSE;Clientes estrategicos;2;142;17913.8144373874;126.153622798503;242;33;1;-1.39202117086339;-0.315102159199127
1638;GYE OMARSA MAR BRAVO;COALSE;Clientes estrategicos;2;147;25914.8520867699;176.291510794353;267;33;1;-1.58378087149674;-0.10687043026329
1639;GYE OMARSA PUNTA CARNERO;COALSE;Clientes estrategicos;2;137;6121.2188831966;44.6804298043547;180;33;1;-0.838415120153997;-0.957982386768955
1254;GYE PLANTABAL S.A.;COALSE;Clientes estrategicos;2;181;158609.876560229;876.297660553749;383;35;1;-2.51741399114324;0.855857804839244
1991;GYE QUICORNAC;COALSE;Clientes estrategicos;2;156;33392.2096540002;214.052625987181;303;35;1;-1.75816504052447;0.000789384052549469
1373;GYE TEXMEX CONDUMIOS RETAIL;COALSE;Clientes estrategicos;2;116;13511.28586276;116.476602265172;11;33;1;-0.387898904868955;-0.773286346954778
1062;HOSP. METROPOLITANO PACIENTES;TECFOOD;Clientes estrategicos;2;289;93393.083794304;323.159459495862;284;77;1;-2.54685210500296;-0.0782248206802123
1082;HOSP. METROPOLITANO ADMINISTRACIÓN RETAIL;TECFOOD;Clientes estrategicos;2;64;9253.05356668;144.578961979375;62;38;1;-0.710102452241766;-0.455159045819066
1061;HOSP. METROPOLITANO ADMINISTRACIÓN;TECFOOD;Clientes estrategicos;2;343;210207.565685193;612.850045729424;443;67;1;-2.9870191671416;0.406556916109707
1889;HOSP. SOLCA ADMINISTRACION;TECFOOD;Clientes estrategicos;0;502;227025.444680199;452.241921673704;453;99;1;-3.50749034927876;-0.381101827561262
1891;HOSP. SOLCA DIETAS BLANDAS VARIAS;TECFOOD;Clientes estrategicos;0;83;28653.836239302;345.226942642193;104;34;1;-1.62209343200761;-0.295068276617732
1731;I.E.P.E.S.A.;TECFOOD;Clientes estrategicos;2;147;31380.965570229;213.475956260061;368;33;1;-1.75928595033927;0.0494089898021081
407;JABONERÍA WILSON;TECFOOD;Clientes estrategicos;2;284;96058.4132520213;338.233849478948;453;65;1;-2.62466005047236;0.0773085645533603
1139;JURIS PLANTA SANGOLQUÍ;TECFOOD;Clientes estrategicos;2;288;74014.6905431744;256.995453274911;383;67;1;-2.47573298647173;-0.118606423812949
125;LETERAGO;TECFOOD;Clientes estrategicos;2;597;68546.9028244047;114.818932704195;390;152;1;-2.83060804435534;-0.916072291920601
143;PANAVIAL IBARRA;TECFOOD;Clientes estrategicos;2;179;31820.1396985739;177.766143567452;361;40;1;-1.85026065133157;-0.136921995474573
131;PANAVIAL AMAGUAÑA;TECFOOD;Clientes estrategicos;2;160;10770.4836731904;67.31552295744;305;37;1;-1.29126529396354;-0.694457969936348
148;PETROBELL INDUSTRIALES;TECFOOD;Clientes estrategicos;2;151;16181.5283740168;107.162439563025;249;34;1;-1.3723560866352;-0.418996839177283
259;PETROBELL PETROLEROS;TECFOOD;Clientes estrategicos;2;180;57711.8838338678;320.621576854821;408;36;1;-2.10438589978939;0.264433490051692
288;PETROBELL RETAIL;TECFOOD;Clientes estrategicos;2;81;19856.78145488;245.145450060247;40;33;1;-0.881981520044341;-0.159074414520703
1998;TESSA PICASSO;TECFOOD;Clientes estrategicos;2;274;22672.8852613465;82.7477564282719;394;66;1;-1.95858648474736;-0.769694594189637
1848;PLASTISACKS;TECFOOD;Clientes estrategicos;2;280;99615.791029489;355.770682248175;380;65;1;-2.58899628712622;0.08302195916241
1678;COL. JULIO VERNE COMEDOR;TECFOOD;Clientes estrategicos;60;167;6328.9750194853;37.898054008894;204;43;1;-0.197071254281002;0.108845802471641
1681;COL. JULIO VERNE RETAIL;TECFOOD;Clientes estrategicos;58;93;7185.6182913968;77.2647128107183;133;25;1;0.119546322025976;0.664145553823195
1470;COL. LICEO ORTEGA COMEDOR;TECFOOD;Clientes estrategicos;2;189;7466.9374640154;39.5076056297111;183;51;1;-1.12592397671366;-1.19721713826076
803;COL. LICEO ORTEGA RETAIL;TECFOOD;Clientes estrategicos;2;145;9205.4793367164;63.4860643911476;124;46;1;-1.04310708885539;-0.931227216357463
1695;COL. LOS PINOS COMEDOR;TECFOOD;Clientes estrategicos;2;213;41371.0615937036;194.230336120674;295;49;1;-2.00003568689731;-0.193294970672246
1473;COL. SEK UIO COMEDOR;TECFOOD;Clientes estrategicos;18;220;49439.3729446292;224.724422475587;332;55;1;-1.6625204410839;0.628960905363321
1467;COL. SEK VALLES COMEDOR;TECFOOD;Clientes estrategicos;2;243;62518.2347120464;257.276686057804;318;58;1;-2.27844704980819;-0.0850147466698301
105;FUNDACION EL TRIÁNGULO;TECFOOD;Clientes estrategicos;25;123;22275.5477926174;181.102014574125;251;30;1;-0.867597054988836;0.834853239183877
1895;CLUB DEPORTIVO IDV FORMATIVA;TECFOOD;Clientes estrategicos;0;516;349193.676855123;676.731931889774;558;102;1;-3.76953304962505;-0.127818707841504
38;CPP OPERATIVOS;TECFOOD;Clientes estrategicos;0;155;57547.7361528135;371.275717114926;423;40;1;-2.43918633176133;-0.135202979556707
110;CPP RETAIL;TECFOOD;Clientes estrategicos;0;69;8207.24123049;118.945525079565;9;36;1;-0.408616470238404;-1.26093803234435
1698;DANEC;TECFOOD;Clientes estrategicos;0;463;200272.471537397;432.553934206041;539;98;1;-3.49229726938433;-0.377238905032576
1709;DANEC RETAIL MENÚ;TECFOOD;Clientes estrategicos;0;324;3773.5920087453;11.6468889158806;132;95;1;-1.33203235852497;-2.63544769612101
179;GYE ECUASAL;COALSE;Clientes estrategicos;0;125;38093.3050071637;304.74644005731;296;33;1;-2.06492737570672;-0.223256397258767
211;GYE GH 112 SUMINISTROS PCP GYE;COALSE;Clientes estrategicos;0;104;47202.83327116;453.873396838077;59;33;1;-1.68438609807547;-0.20666400506014
2002;GYE GRUPO GRUPASA;COALSE;Clientes estrategicos;0;303;159637.381630025;526.85604498358;347;71;1;-3.10592887401263;-0.189719930512544
188;GYE HOSP. R.G. DIETA GENERAL;COALSE;Clientes estrategicos;0;119;8765.8994682178;73.6630207413261;131;33;1;-1.18775791402558;-1.16375700367446
189;GYE HOSP. R.G. DIETAS VARIAS;COALSE;Clientes estrategicos;0;122;15755.2751429143;129.141599532084;151;33;1;-1.48524649387534;-0.817765629136876
1037;GYE HOSP. R.G. CLINICA PRIVADA;COALSE;Clientes estrategicos;0;125;9278.0032562386;74.2240260499088;114;33;1;-1.17659738944168;-1.17968308376517
185;GYE HOSP. R.G. ADMINISTRACIÓN;COALSE;Clientes estrategicos;0;147;136512.971289032;928.65966863287;363;33;1;-2.69351972480127;0.454488753094769
186;GYE HOSP. R.G. BLANDA;COALSE;Clientes estrategicos;0;119;12780.9459550521;107.402907185312;104;33;1;-1.28579159041008;-0.975933371101719
1488;GYE HOSP. R.G. CAFETERÍA RETAIL;COALSE;Clientes estrategicos;0;131;19527.417370863;149.064254739412;120;37;1;-1.56329533933055;-0.809873423464889
187;GYE HOSP. R.G. CAFETERÍA MENÚ;COALSE;Clientes estrategicos;7;124;14999.4009161988;120.962910614506;209;31;1;-0.973654434980558;0.0731167522487822
607;GYE MOLINOS CHAMPIONS S.A.;COALSE;Clientes estrategicos;0;140;20299.6447455722;144.997462468373;243;34;1;-1.75412445276622;-0.699116440880307
204;GYE OMARSA CACHUGRAN 3;COALSE;Clientes estrategicos;0;135;45882.5912189988;339.871046066658;268;33;1;-2.12354053720563;-0.17497879176161
205;GYE OMARSA CACHUGRAN CAPILLA;COALSE;Clientes estrategicos;0;141;90685.0091978734;643.156093601939;293;34;1;-2.46173927488062;0.19925473628533
203;GYE OMARSA CACHUGRAN 2;COALSE;Clientes estrategicos;0;149;141745.525585647;951.312252252666;314;33;1;-2.6693853373468;0.44826718800466
1946;GYE OMARSA ISLA PUNÁ 2;COALSE;Clientes estrategicos;0;142;167240.438662443;1177.74956804538;315;33;1;-2.73895834196931;0.575286194067275
266;OCP AMAZONAS RETAIL;TECFOOD;Clientes estrategicos;4;134;19485.0206905544;145.410602168316;131;33;1;-1.11094679569663;-0.103565896123058
549;ORION EL ENO;TECFOOD;Clientes estrategicos;0;177;56530.9275049295;319.383771214291;502;35;1;-2.4385020264462;-0.153438788129538
551;ORION EL ENO RETAIL;TECFOOD;Clientes estrategicos;0;65;9893.70628072;152.210865857231;24;33;1;-0.715248638576631;-0.95622070879867
10;ARCA STO. DOMINGO;TECFOOD;Clientes estrategicos;6;139;72733.6449110393;523.26363245352;361;32;1;-1.87635337909586;0.93609221663111
6;BOTROSA;TECFOOD;Clientes estrategicos;6;140;83080.7311597304;593.433793998074;361;33;1;-1.94701753869889;0.998330952403734
1986;CCDC – RIG 28;TECFOOD;Clientes estrategicos;6;236;212840.076201603;901.864729667808;573;34;1;-2.5424664046624;1.28345630956073
1987;CCDC – RIG 28 HOTELERIA;TECFOOD;Clientes estrategicos;6;38;6032.33188565;158.745575938158;24;31;1;0.0880501431406018;-0.0895885432002067
1475;COL. VICTORIA´S A. COMEDOR;TECFOOD;Clientes estrategicos;69;168;12639.0790622531;75.2326134657923;248;41;1;-0.497031843722153;0.607099012622029
1471;COL. AMERICANO COMEDOR;TECFOOD;Clientes estrategicos;3;236;30388.2198703525;128.763643518443;314;57;1;-1.87361513223919;-0.36512957101086
35;COL. AMERICANO RETAIL;TECFOOD;Clientes estrategicos;4;235;67304.0814537339;286.400346611634;256;52;1;-2.06518264839953;0.20136688710806
1756;COL. DE LIGA COMEDOR;TECFOOD;Clientes estrategicos;55;196;25292.2590299241;129.042137907776;217;47;1;-0.886334630031277;0.755627803836774
1476;COL. EINSTEIN COMEDOR;TECFOOD;Clientes estrategicos;4;215;21598.6035578805;100.458621199444;274;55;1;-1.60439386841215;-0.420494413790636
43;COL. EINSTEIN RETAIL;TECFOOD;Clientes estrategicos;4;156;22242.2312992088;142.578405764159;160;46;1;-1.36761729164757;-0.215175077710795
787;COL. HIGHLANDS RETAIL;TECFOOD;Clientes estrategicos;55;100;11381.7708755512;113.817708755512;186;34;1;-0.315400050861489;0.798857531233799
1472;COL. HIGHLANDS COMEDOR;TECFOOD;Clientes estrategicos;26;199;16840.6903395727;84.6265846209683;266;50;1;-0.989798706572508;0.211962080321561
1468;COL. LA CONDAMINE COMEDOR;TECFOOD;Clientes estrategicos;52;183;36755.3029818597;200.848650174097;259;43;1;-1.07449446212044;1.05085652160758
26;COL. LA CONDAMINE RETAIL;TECFOOD;Clientes estrategicos;52;168;13913.7695868996;82.8200570648786;155;46;1;-0.524322231080072;0.439938683664295
944;COL. MONTEBELLO A. RETAIL;TECFOOD;Clientes estrategicos;60;113;14640.3985757676;129.561049343076;100;31;1;-0.19812162046432;0.855776253706652
1465;COL. MONTEBELLO A. COMEDOR;TECFOOD;Clientes estrategicos;4;203;15952.1908599084;78.5822209847705;220;51;1;-1.37545577296898;-0.563958964971765
1469;COL. TERRANOVA COMEDOR;TECFOOD;Clientes estrategicos;3;224;10538.6393893375;47.0474972738281;230;61;1;-1.34726171531701;-1.01739561902601
521;COL. TERRANOVA RETAIL;TECFOOD;Clientes estrategicos;3;182;40121.3830231752;220.447159467996;229;54;1;-1.86266776456298;-0.067373184602897
797;COL. WILLIAM SHAKESPEARE RETAIL;TECFOOD;Clientes estrategicos;3;98;8323.87142971;84.9374635684694;107;32;1;-0.706985042931654;-0.518116125651601
1466;COL. WILLIAM SHAKESPEARE COMEDOR;TECFOOD;Clientes estrategicos;3;202;9083.3315052531;44.9669876497678;216;52;1;-1.19359436698332;-0.989559578992981
1336;CRANSA S.A.;TECFOOD;Clientes estrategicos;6;146;42135.7075898344;288.600736916674;465;32;1;-1.71432549977317;0.620946942733075
981;ELAPLAS;TECFOOD;Clientes estrategicos;6;195;8999.0082777107;46.1487603985164;310;32;1;-0.949172884946748;-0.510851918955701
432;ENIGAS BEATERIO;TECFOOD;Clientes estrategicos;6;213;15967.5832299747;74.9651794834493;323;33;1;-1.22847320963533;-0.237750936966452
433;ENIGAS NORTE;TECFOOD;Clientes estrategicos;6;120;5871.3537564422;48.9279479703517;236;32;1;-0.647070555208056;-0.50241035484837
1035;FERRERO SUMINISTROS;TECFOOD;Clientes estrategicos;6;118;7135.9916171858;60.4745052303881;194;32;1;-0.674032944256471;-0.40637528363815
7;GH 100 COMEDOR PCP UIO;TECFOOD;Clientes estrategicos;4;395;364286.449733695;922.244176541001;477;67;1;-3.12193762474443;0.864646979118948
880;GH 111 MEGAPAN PCP SGQ;TECFOOD;Clientes estrategicos;3;327;94868.0386036755;290.116326005124;199;99;1;-2.48370769937187;-0.169474355387201
296;GH 111 MEGAPAN PCP UIO;TECFOOD;Clientes estrategicos;4;344;176521.060031575;513.142616370857;204;77;1;-2.6060555612628;0.354434650672132
533;GH 112 SUMINISTROS PCP UIO;TECFOOD;Clientes estrategicos;6;33;8613.13971475;261.004233780303;32;32;1;-0.149662260232208;0.231271672849757
502;GYE ASISERVY;COALSE;Clientes estrategicos;4;266;104018.933477514;391.048622095918;355;64;1;-2.44066012276841;0.347846639263532
1992;GYE EL CAFE;COALSE;Clientes estrategicos;4;267;69388.990229616;259.883858537888;355;64;1;-2.26417093033151;0.108288106803822
1767;GYE EXPOSYNERGY S.A.S.;COALSE;Clientes estrategicos;6;160;113907.904623779;711.924403898617;292;37;1;-2.0789470810193;1.02996626946759
2003;GYE GRUPO GRUPASA RETAIL;COALSE;Clientes estrategicos;7;63;8132.43810834;129.08631918;30;31;1;-0.104958394634372;-0.137216010313345
1360;GYE HOSPC. CORAZON DE JESÚS ADMINISTRACIÓN;COALSE;Clientes estrategicos;6;136;38060.5079710794;279.856676257937;292;32;1;-1.5309597467866;0.540437781215399
1361;GYE HOSPC. CORAZON DE JESÚS DIETA GENERAL;COALSE;Clientes estrategicos;6;140;83617.4534598682;597.267524713344;288;33;1;-1.88502105025103;0.970911559368942
1363;GYE HOSPC. CORAZON DE JESÚS DIETA DIABÉTICA;COALSE;Clientes estrategicos;6;142;77880.6617407583;548.455364371537;265;33;1;-1.83117468453881;0.909040303119368
1364;GYE HOSPC. CORAZON DE JESÚS DIETA LICUADA;COALSE;Clientes estrategicos;6;123;20624.2826481352;167.677094700286;148;32;1;-1.06135391296136;0.149466999553643
1357;GYE HOSP. NEUROCIENCIAS ADMINISTRACION;COALSE;Clientes estrategicos;6;155;60178.2914240931;388.247041445762;336;32;1;-1.78128446186973;0.74838238220969
1358;GYE HOSP. NEUROCIENCIAS DIETA GENERAL;COALSE;Clientes estrategicos;6;144;147823.431466149;1026.55160740381;271;32;1;-2.10678525753011;1.29110899926433
1855;GYE LA FABRIL MANTA;COALSE;Clientes estrategicos;4;263;120642.414282101;458.716404114452;334;65;1;-2.49318863616059;0.427475533602377
1857;GYE LA FABRIL MANTA MULTIUSOS;COALSE;Clientes estrategicos;4;268;89190.1889622865;332.799212545845;320;64;1;-2.34428478978736;0.238761560711088
1952;OMARSA CAMAREXPO GYE;COALSE;Clientes estrategicos;6;144;50009.8790541759;347.29082676511;411;32;1;-1.75263841363293;0.712724758941338
213;GYE PROCARSA;COALSE;Clientes estrategicos;6;145;143556.359403495;990.043857955139;358;33;1;-2.18636004011305;1.29670446791267
215;GYE PROEXPO;COALSE;Clientes estrategicos;6;157;199760.806990188;1272.36182796298;378;33;1;-2.35246449821387;1.44950582521773
1074;GYE PRONACA PL DURÁN (COMBO);COALSE;Clientes estrategicos;6;135;3972.2106744092;29.4237827734015;164;38;1;-0.451266543739487;-0.911814478670201
218;GYE PRONACA PL AVES BUCAY;COALSE;Clientes estrategicos;6;150;153690.264147249;1024.60176098166;363;35;1;-2.24570280138671;1.29605443873871
219;GYE PRONACA PL DURÁN;COALSE;Clientes estrategicos;6;150;88728.7284211251;591.524856140834;348;35;1;-1.9934531518481;0.967777484679462
1200;GYE SANTA PRISCILA 2;COALSE;Clientes estrategicos;4;305;713465.361375914;2339.23069303578;327;64;1;-3.2694130472607;1.38299048832717
1880;GYE SANTA PRISCILA TEXTILES;COALSE;Clientes estrategicos;4;294;244463.665564905;831.509066547297;327;65;1;-2.80437038090741;0.770713810500822
1736;HORMIPISOS QUITO SUR;TECFOOD;Clientes estrategicos;6;122;10548.9080353197;86.4664593058992;240;32;1;-0.907232521945255;-0.170171538875977
1058;HOSP. METROPOLITANO BAKERY RETAIL;TECFOOD;Clientes estrategicos;2;277;62952.3801649491;227.264910342777;176;69;1;-2.19082257997906;-0.307965015946982
1118;HOSP. METROPOLITANO PEDIDOS ESPECIALES RETAIL;TECFOOD;Clientes estrategicos;9;178;10324.4284961352;58.0024072816584;186;64;1;-1.03111062275972;-0.558145625731522
70;INAEXPO PL STO. DGO.;TECFOOD;Clientes estrategicos;6;133;82284.4104051319;618.679777482195;382;32;1;-1.94314498557745;1.0432966755651
1614;INDUCALSA-BUNKY;TECFOOD;Clientes estrategicos;6;143;34328.6091893742;240.060204121498;362;33;1;-1.56340211398222;0.467590764859903
244;OCP PEDRO VICENTE M.;TECFOOD;Clientes estrategicos;6;129;8216.1395353576;63.6910041500589;194;33;1;-0.754187326059329;-0.389979510590553
272;OCP PEDRO VICENTE M. RETAIL;TECFOOD;Clientes estrategicos;6;120;6916.2157073;57.6351308941667;100;32;1;-0.472498114520571;-0.525796933047707
267;OCP BALAO MARINA RETAIL;TECFOOD;Clientes estrategicos;6;132;19570.892175359;148.264334661811;118;33;1;-0.991237097126131;0.0332110029538829
240;OCP BALAO;TECFOOD;Clientes estrategicos;6;139;32724.9201908913;235.431080510009;361;34;1;-1.55119978120309;0.445442207249058
268;OCP BALAO RETAIL;TECFOOD;Clientes estrategicos;6;131;18508.5932650145;141.28697148866;138;33;1;-1.01103857558526;0.0267591789400176
1655;TELEVICENTRO;TECFOOD;Clientes estrategicos;6;127;8182.2831893796;64.4274266880284;284;32;1;-0.848370194622445;-0.318935810505345
508;PANAVIAL MINA COLIBRÍ;TECFOOD;Clientes estrategicos;5;150;14256.1831941057;95.041221294038;341;41;1;-1.29345518122413;-0.227905271726486
927;PANIFICADORA MODERNA;TECFOOD;Clientes estrategicos;4;159;40813.097545804;256.686148086818;359;36;1;-1.76927497802244;0.331241885268466
237;PLUSPETROL VILLANO A;TECFOOD;Clientes estrategicos;6;203;82115.2423674418;404.508583090846;494;33;1;-2.0603930615064;0.807420089055348
1286;PLUSPETROL VILLANO A COFFEE POINTS;TECFOOD;Clientes estrategicos;6;92;5909.70861451;64.2359632011957;27;30;1;0.0109299102895389;-0.610112593172814
232;PLUSPETROL CPF;TECFOOD;Clientes estrategicos;6;196;113358.945078651;578.361964686995;522;34;1;-2.22605920137482;1.01457468667239
3;AGLOMERADOS COTOPAXI;TECFOOD;Clientes estrategicos;3;332;118316.580723162;356.375243142055;470;64;1;-2.65475779570777;0.234030444237246
82;AGLOMERADOS COTOPAXI 2;TECFOOD;Clientes estrategicos;3;242;8847.8034353497;36.5611712204533;172;64;1;-1.21396702412414;-1.2227774777184
542;ALPINA SAN GABRIEL;TECFOOD;Clientes estrategicos;5;128;27779.2255332176;217.025199478263;348;32;1;-1.48074594286444;0.353425914384258
4;AVON;TECFOOD;Clientes estrategicos;5;128;20285.3317478597;158.479154280154;300;33;1;-1.31305787833026;0.137607401146501
809;BIMBO;TECFOOD;Clientes estrategicos;3;266;35690.691428111;134.175531684628;360;64;1;-2.03806941329816;-0.368840126328371
1896;CLUB DEPORTIVO IDV PROFESIONAL;TECFOOD;Clientes estrategicos;0;428;59860.3367415743;139.860599863491;313;91;1;-2.7736587184932;-1.08335934995059
1520;CLUB DEPORTIVO U. CATÓLICA PROFESIONAL;TECFOOD;Clientes estrategicos;4;145;9431.507360315;65.044878347;177;36;1;-0.921639896345005;-0.565094212877083
2007;CCDC JACKUP RIG;TECFOOD;Clientes estrategicos;4;278;148755.464746795;535.091599808616;610;43;1;-2.59904724063403;0.754647007035922
1380;COL. LICEO INTERNACIONAL COMEDOR;TECFOOD;Clientes estrategicos;59;183;5712.8967269766;31.2180149015115;203;47;1;-0.198624202052135;-0.0455470139106358
1382;COL. LICEO INTERNACIONAL RETAIL;TECFOOD;Clientes estrategicos;54;125;17059.405151632;136.475241213056;140;33;1;-0.42076365934574;0.863745240300218
1474;COL. MENOR COMEDOR;TECFOOD;Clientes estrategicos;3;212;48391.8975749799;228.263667806509;306;52;1;-2.02447669715885;0.0032921545164491
22;COL. MENOR RETAIL;TECFOOD;Clientes estrategicos;3;238;91030.440150481;382.480840968408;307;55;1;-2.33235074262858;0.282175612013387
1331;ECOFROZ AGUA CLARA;TECFOOD;Clientes estrategicos;5;127;39462.23036348;310.726223334488;294;32;1;-1.58500227367061;0.540550209022932
128;ECUAJUGOS FABRICA;TECFOOD;Clientes estrategicos;5;149;49415.9804209567;331.650875308434;355;32;1;-1.74951104411801;0.600747603525467
127;ECUAJUGOS CD;TECFOOD;Clientes estrategicos;5;131;16209.0502424999;123.733207958015;269;32;1;-1.17384746088859;-0.0111903503100904
1777;TESSA DALI;TECFOOD;Clientes estrategicos;3;250;18023.3881652973;72.0935526611892;315;64;1;-1.6977288022847;-0.747608166110478
1934;GYE COL. MENOR SAM COMEDOR;COALSE;Clientes estrategicos;3;163;11763.8204747929;72.1706777594657;239;43;1;-1.2425158338886;-0.624997234611357
1961;GYE EXPOCULTIVOS GRANCOMAR;COALSE;Clientes estrategicos;5;139;109999.766527307;791.365226815161;312;32;1;-2.05682208954667;1.09483485088678
1962;GYE EXPOCULTIVOS CAMARONMAR;COALSE;Clientes estrategicos;5;138;26569.800972122;192.534789653058;247;33;1;-1.38077952011944;0.222718014989242
1201;GYE GRAIMAN;COALSE;Clientes estrategicos;5;144;53862.9010976022;374.047924288904;331;33;1;-1.77644306829864;0.651052244478396
1989;GYE GRUPO DIFARE SUMINISTROS;COALSE;Clientes estrategicos;5;68;4471.88440741;65.7630059913235;40;32;1;-0.0210994042560087;-0.623988785030365
1611;GYE HORMIPISOS CUENCA;COALSE;Clientes estrategicos;5;114;3525.4178450036;30.9247179386281;148;32;1;-0.330987825974214;-0.89323030133811
1295;GYE INDURAMA;COALSE;Clientes estrategicos;5;145;136178.088909793;939.159233860639;316;33;1;-2.16900788458067;1.184626304377
1297;GYE INDURAMA TRANSPORTADOS;COALSE;Clientes estrategicos;5;131;26354.872474506;201.182232629817;248;32;1;-1.36240300085677;0.261708964205453
811;GYE INPROEL S.A. EVENTOS;COALSE;Clientes estrategicos;23;52;19527.4648207515;375.528169629837;168;13;1;-0.332994184488592;1.4985040714008
1912;GYE OMARSA CHONGON LANGUA RETAIL;COALSE;Clientes estrategicos;5;32;12150.18646414;379.693327004375;53;14;1;-0.164246488321121;0.757398809667597
1907;GYE OMARSA OCEAN PRODUCT-ARENILLA;COALSE;Clientes estrategicos;5;133;47277.0193303666;355.466310754636;290;32;1;-1.66349395078934;0.616340997553649
1059;GYE OMARSA BRISAS;COALSE;Clientes estrategicos;5;168;331189.156290634;1971.36402553949;366;38;1;-2.6660855188373;1.58415200692043
206;GYE OMARSA CHONGON LANGUA;COALSE;Clientes estrategicos;5;141;100310.866844479;711.424587549497;289;32;1;-1.9956396465399;1.02139812059702
207;GYE OMARSA CHONGON VIGSA;COALSE;Clientes estrategicos;5;143;97852.7128164513;684.284705010149;300;32;1;-1.99657925235442;1.00337184496262
208;GYE OMARSA ISLA PUNÁ;COALSE;Clientes estrategicos;5;153;353642.422820628;2311.38838444855;368;32;1;-2.62211166037786;1.7446050641106
1854;GYE OMARSA PUERTO INCA 5 TAURA;COALSE;Clientes estrategicos;5;138;36648.4017883402;265.568128901016;286;32;1;-1.55113906395818;0.442636909878599
1699;GYE PRONACA CD;COALSE;Clientes estrategicos;5;147;54301.2899432479;369.396530226176;307;35;1;-1.78292938007219;0.61094858698818
1634;GYE PRONACA PL AVES EN PIE;COALSE;Clientes estrategicos;5;139;16065.4519575967;115.578791061847;265;36;1;-1.21624480891305;-0.0982769863437465
1999;GYE YILPORT;COALSE;Clientes estrategicos;5;172;204330.045190583;1187.96537901502;405;32;1;-2.41863514171182;1.36396695571297
1890;HOSP. SOLCA DIETA GENERAL/BLANDA/LIQUIDA;TECFOOD;Clientes estrategicos;5;305;130638.354519105;428.322473833131;286;62;1;-2.42712907380951;0.45535583751265
1039;HOSP. VOZANDES ADMINISTRACIÓN;TECFOOD;Clientes estrategicos;3;302;60837.1491106673;201.447513611481;372;65;1;-2.29603736778911;-0.135829149702624
1040;HOSP. VOZANDES PACIENTES;TECFOOD;Clientes estrategicos;3;310;59718.5068920967;192.640344813215;318;65;1;-2.24498283260679;-0.18432389863786
1041;HOSP. VOZANDES CAFETERIA MENU;TECFOOD;Clientes estrategicos;3;261;22418.1375586692;85.893247351223;275;65;1;-1.76311271681834;-0.671455852167019
1618;INPROLAC-DULAC´S;TECFOOD;Clientes estrategicos;5;138;22920.752706346;166.092410915551;316;32;1;-1.37500771966;0.181727989072558
135;PANAVIAL AMBUQUÍ;TECFOOD;Clientes estrategicos;5;166;26821.3355297991;161.574310420477;351;37;1;-1.54461699437344;0.12149711447709
141;PANAVIAL GUAYLLABAMBA;TECFOOD;Clientes estrategicos;4;207;34941.4522598499;168.799286279468;411;50;1;-1.88967732850583;-0.0247748704006247
133;PANAVIAL AMBATO;TECFOOD;Clientes estrategicos;5;170;73138.2364776935;430.224920457021;488;34;1;-2.04584869696753;0.771449441759717
1535;PETROECUADOR SHUSHUFINDI;TECFOOD;Clientes estrategicos;5;159;17207.3913841705;108.222587321827;301;32;1;-1.24717800464175;-0.0787177285896478
1531;PETROECUADOR NPF;TECFOOD;Clientes estrategicos;5;211;173068.009132621;820.227531434221;494;32;1;-2.41870828387207;1.16874219103576
1532;PETROECUADOR NPF HOTELERÍA;TECFOOD;Clientes estrategicos;5;37;8434.1697653;227.950534197297;25;32;1;-0.121397604288081;0.0525004410019991
1533;PETROECUADOR NPF RETAIL;TECFOOD;Clientes estrategicos;5;36;24426.3095791;678.508599419445;27;32;1;-0.60526173922655;0.702894278397765
1527;PETROECUADOR SPF;TECFOOD;Clientes estrategicos;5;214;191407.332631908;894.426787999568;552;34;1;-2.51934633034092;1.2120717005866
1528;PETROECUADOR SPF RETAIL;TECFOOD;Clientes estrategicos;5;39;22814.31554536;584.982449881026;25;33;1;-0.571675371678421;0.592355191888181
1529;PETROECUADOR SPF HOTELERÍA;TECFOOD;Clientes estrategicos;5;46;7103.41114574;154.42198142913;37;32;1;-0.171282661073879;-0.12778542094159
1068;POFASA;TECFOOD;Clientes estrategicos;47;231;52522.7425984111;227.371180079702;369;51;1;-1.44362853984585;1.06145821255701
543;ALPINA MACHACHI;TECFOOD;Clientes estrategicos;4;142;13694.3464080261;96.4390592114514;330;35;1;-1.24944860590758;-0.239146962540841
1805;GRUPO SUR ATLÁNTIDA;TECFOOD;Clientes estrategicos;4;154;28656.5867053728;186.08173185307;365;32;1;-1.57132243355741;0.189787013798053
706;GH 112 SUMINISTROS PCP SGQ;TECFOOD;Clientes estrategicos;4;37;7939.5185929;214.581583591892;54;32;1;-0.359744310620092;0.0453695169756795
1960;GYE EXPOCULTIVOS CHURUTE;COALSE;Clientes estrategicos;4;137;39296.3293728553;286.834520969747;275;32;1;-1.61889851481097;0.406998575328294
81;GYE HOSP. L.V. ADMINISTRACION;COALSE;Clientes estrategicos;4;162;209573.900132989;1293.66605020363;324;32;1;-2.41022214490039;1.30917768031249
195;GYE HOSP. L.V. DIABÉTICA;COALSE;Clientes estrategicos;4;136;20646.8086456434;151.81476945326;183;32;1;-1.22091251032017;-0.0213338538335336
196;GYE HOSP. L.V. DIETA GENERAL;COALSE;Clientes estrategicos;4;153;61387.8106281898;401.227520445685;265;32;1;-1.81153043033476;0.595818884691766
197;GYE HOSP. L.V. DIETA HIPERPROTÉICA;COALSE;Clientes estrategicos;4;134;8571.6158572693;63.9672825169351;143;32;1;-0.766956581173031;-0.558416709274387
339;GYE HOSP. L.V. DIETA ASTRINGENTE;COALSE;Clientes estrategicos;4;123;50556.1135876894;411.025313721052;180;32;1;-1.59930743199768;0.562144999229432
769;GYE HOSP. L.V. DIETA CREMOSITO;COALSE;Clientes estrategicos;4;116;5606.9377610675;48.3356703540302;56;32;1;-0.304981458260686;-0.845396526649003
1815;GYE HOSP. L.V. CLÍNICA PRIVADA;COALSE;Clientes estrategicos;4;139;13095.1166993143;94.2094726569374;127;32;1;-0.919958664102349;-0.350578558263572
720;GYE MARBELIZE S.A.;COALSE;Clientes estrategicos;4;206;249396.813519899;1210.66414330048;344;46;1;-2.66390208957937;1.13719530047667
1958;GYE OMARSA PUERTO INCA 3;COALSE;Clientes estrategicos;4;134;50584.346961184;377.495126576;276;32;1;-1.72851785355737;0.569035067313121
1845;GYE OMARSA PUERTO INCA;COALSE;Clientes estrategicos;4;159;220219.367197353;1385.02746665002;348;32;1;-2.45096780907207;1.35959357060213
1861;GYE OMARSA PUERTO INCA 1;COALSE;Clientes estrategicos;4;145;39711.371834353;273.87152989209;308;32;1;-1.66032998897453;0.394115212728472
1869;GYE OMARSA PUERTO INCA 2;COALSE;Clientes estrategicos;4;158;252046.696134297;1595.23225401454;337;32;1;-2.50030148733114;1.43829676336353
810;GYE PROMARISCO CAFETERÍA RETAIL;COALSE;Clientes estrategicos;4;133;19746.04950218;148.466537610376;30;33;1;-0.699242117083388;-0.291919249216451
216;GYE PROMARISCO;COALSE;Clientes estrategicos;4;167;316195.718169349;1893.3875339482;324;32;1;-2.59239012857538;1.5320912009924
1269;GYE TESALIA;COALSE;Clientes estrategicos;4;158;82669.0716215124;523.221972288053;368;33;1;-2.05020606469197;0.784638916362449
984;HALLIBURTON;TECFOOD;Clientes estrategicos;4;220;179602.479220183;816.374905546286;502;33;1;-2.50383122203831;1.08018063322153
985;HALLIBURTON RETAIL;TECFOOD;Clientes estrategicos;4;68;121545.80979705;1787.43837936838;17;34;1;-1.29794377728014;1.09737461130979
1398;HALLIBURTON HOTELERÍA;TECFOOD;Clientes estrategicos;4;37;10665.70055112;288.262177057297;28;32;1;-0.30438468353296;0.129575082489921
243;OCP PÁRAMO;TECFOOD;Clientes estrategicos;4;152;19279.9671674817;126.841889259748;328;34;1;-1.39056216102595;-0.0711186754624567
271;OCP PÁRAMO RETAIL;TECFOOD;Clientes estrategicos;4;126;8480.2330737425;67.3034370931945;121;32;1;-0.709720616056936;-0.550329079674398
239;OCP AMAZONAS;TECFOOD;Clientes estrategicos;4;157;32027.5738695166;203.997285793099;367;34;1;-1.64652566263552;0.221341557948414
245;OCP SARDINAS;TECFOOD;Clientes estrategicos;4;149;26684.110990674;179.087993226;379;33;1;-1.56047191378196;0.162002094247731
273;OCP SARDINAS RETAIL;TECFOOD;Clientes estrategicos;4;132;11586.1192532044;87.773630706094;135;33;1;-0.892131814022875;-0.393492677579634
241;OCP CAYAGAMA;TECFOOD;Clientes estrategicos;4;149;21384.7711835556;143.521954252051;322;32;1;-1.40521097854596;0.0214842252818732
270;OCP CAYAGAMA RETAIL;TECFOOD;Clientes estrategicos;4;136;11110.8557126928;81.6974684756824;126;32;1;-0.844579394012296;-0.43406344119663
548;ORION TETETES;TECFOOD;Clientes estrategicos;4;193;38814.2984746702;201.110354791037;478;32;1;-1.79854693456062;0.266759595071844
552;ORION TETETES RETAIL;TECFOOD;Clientes estrategicos;4;68;7668.61707199;112.773780470441;24;32;1;-0.162181972169074;-0.45419770170609
235;PLUSPETROL SARAYACU;TECFOOD;Clientes estrategicos;4;167;26496.909067434;158.664126152299;402;33;1;-1.58313867167389;0.0964462803363443
231;PLUSPETROL BAEZA;TECFOOD;Clientes estrategicos;4;175;23983.239053597;137.047080306269;421;33;1;-1.55660194597071;0.0160560868687281
1758;COL. DE LIGA RETAIL;TECFOOD;Clientes estrategicos;59;122;19963.2398890882;163.633113844985;129;30;1;-0.403469845830867;1.03051903347903
1670;DANEC EVENTOS;TECFOOD;Clientes estrategicos;3;156;9122.9865855955;58.4806832409968;178;72;1;-1.24778472973265;-0.980092098422844
2022;ENAP SIPEC;TECFOOD;Clientes estrategicos;0;301;257491.565290853;855.453705285227;624;56;1;-3.38902532262732;0.265326110009968
2023;ENAP SIPEC HOTELERIA;TECFOOD;Clientes estrategicos;2;45;14782.33510652;328.496335700444;54;33;1;-0.794539346700186;0.0672268783239898
497;GYE BANALIGHT S.A.;COALSE;Clientes estrategicos;3;170;86913.5903166968;511.256413627628;356;34;1;-2.13991723599996;0.661095855891462
1477;GYE COL. SEK COMEDOR;COALSE;Clientes estrategicos;3;91;19875.279736074;218.409667429385;250;21;1;-1.16017541212076;0.307036073972452
2014;GYE ECUAVISA;COALSE;Clientes estrategicos;3;159;69056.7592709843;434.319240698015;343;32;1;-1.99999973363987;0.584488684514649
1826;GYE EXPOTUNA SUMINISTROS;COALSE;Clientes estrategicos;3;70;3936.2405673358;56.2320081047972;38;32;1;-0.0628776322190352;-0.890376766175121
1773;GYE GRANASA;COALSE;Clientes estrategicos;3;137;19505.0976634682;142.372975645753;246;32;1;-1.34152994132139;-0.110699460130078
1321;GYE IPAC S.A. SUMINISTROS;COALSE;Clientes estrategicos;3;63;3038.07036812;48.2233391765079;35;31;1;0.0927738828414916;-0.976010503035282
1714;GYE RANSA;COALSE;Clientes estrategicos;3;151;32320.8360697336;214.045271984991;281;33;1;-1.61936080956235;0.132229793924907
1250;GYE TELCONET;COALSE;Clientes estrategicos;24;108;120519.036071768;1115.91700066452;346;22;1;-1.57792616369821;2.04650224107533
145;PANAVIAL PIFO;TECFOOD;Clientes estrategicos;3;220;67443.5639560186;306.561654345539;437;50;1;-2.25905536481622;0.239025927741902
246;PARDALIS;TECFOOD;Clientes estrategicos;4;211;67148.1093129347;318.237484895425;405;34;1;-2.02072562846767;0.487867717259921
274;PARDALIS RETAIL;TECFOOD;Clientes estrategicos;4;106;16520.62317517;155.854935614811;50;33;1;-0.747343291081922;-0.188877471296475
1990;FUNDACION SOL DE PRIMAVERA;TECFOOD;Clientes estrategicos;2;123;11756.2895960188;95.579590211535;218;30;1;-1.13053153942914;-0.452430432308251
1063;HOSP. METROPOLITANO LA ROTONDA RETAIL;TECFOOD;Clientes estrategicos;2;90;4104.4396060268;45.6048845114089;25;39;1;-0.138859311702869;-1.2665646889944
1070;HOSP. METROPOLITANO LA ROTONDA MENÚ RETAIL;TECFOOD;Clientes estrategicos;2;110;9069.2621027271;82.4478372975191;151;32;1;-0.929064919268719;-0.610158053470227
122;L.D.U. PROFESIONAL;TECFOOD;Clientes estrategicos;2;379;73513.6975084245;193.967539600065;417;85;1;-2.61297600107904;-0.368431745408417
1519;CLUB DEPORTIVO U. CATÓLICA FORMATIVA;TECFOOD;Clientes estrategicos;4;196;100440.565901142;512.451866842559;463;34;1;-2.22936990981718;0.78760419600634
233;PLUSPETROL K1;TECFOOD;Clientes estrategicos;27;62;12801.2062366526;206.471068333107;180;10;1;-0.0428562085858097;1.30943375672341
1284;PLUSPETROL CPF COFFEE POINTS;TECFOOD;Clientes estrategicos;6;90;5859.74550455;65.1082833838889;35;29;1;-0.0428168030613442;-0.554393334982055
892;PLUSPETROL CPF RETAIL;TECFOOD;Clientes estrategicos;6;52;4788.19852485;92.0807408625;28;30;1;0.135821917900192;-0.382034226028373
1072;HOSP. METROPOLITANO EVENTOS;TECFOOD;Clientes estrategicos;16;159;9992.297789489;62.8446401854654;225;42;1;-0.753483433519331;-0.104751870981784
242;OCP CHIQUILPE;TECFOOD;Clientes estrategicos;5;65;3243.566277355;49.9010196516154;181;16;1;-0.0409577933849905;-0.32273046941231
534;OCP CHIQUILPE RETAIL;TECFOOD;Clientes estrategicos;5;67;3799.5337857201;56.7094594883597;97;16;1;0.0663666623931471;-0.335214036396469
737;GYE HOSP. L.V. ADMINISTRACION EVENTOS;COALSE;Clientes estrategicos;2;87;16691.5201791993;191.8565537839;65;31;1;-0.924245571723971;-0.215183464400628
123;L.D.U. FORMATIVA;TECFOOD;Clientes estrategicos;2;385;64115.1839750662;166.532945389782;341;90;1;-2.51951764085449;-0.507435734810219
746;COL. AMERICANO EVENTOS;TECFOOD;Clientes estrategicos;0;47;5031.1857968833;107.046506316666;169;14;1;-0.619640156948753;-0.575591802037153
1050;HOSP. VOZANDES EVENTOS;TECFOOD;Clientes estrategicos;5;76;2958.9986076873;38.9341922064118;94;24;1;0.0184927247001854;-0.707178935889556
904;GPF PROVEFARMA CD EVENTOS;TECFOOD;Clientes estrategicos;4;55;4028.4417034532;73.24439460824;152;22;1;-0.242645100900442;-0.311412109097003
1894;GYE OMARSA CACHUGRAN 2 RETAIL;COALSE;Clientes estrategicos;0;28;14590.21509388;521.079110495714;37;12;1;-0.559138668527001;0.209672039478189
1863;GYE LA FABRIL MANTA EVENTOS;COALSE;Clientes estrategicos;4;109;7588.7721313481;69.6217626729184;136;34;1;-0.707125846834784;-0.533460265190155
1302;GYE INDURAMA EVENTOS;COALSE;Clientes estrategicos;5;91;15883.3150979144;174.541924152906;110;29;1;-0.842980133150326;0.112242891339495
1893;GYE OMARSA ISLA PUNÁ RETAIL;COALSE;Clientes estrategicos;5;52;31241.12536469;600.790872397885;67;19;1;-0.793018332052291;0.937313613711387
1914;GYE OMARSA PUERTO INCA RETAIL;COALSE;Clientes estrategicos;4;27;9220.44721615;341.498045042593;25;16;1;0.0787094282696506;0.47434052564144
2029;GYE EL CAFE EVENTOS;COALSE;Clientes estrategicos;18;80;10718.0126365631;133.975157957039;176;22;1;-0.378855099968698;0.604619304080772
587;AGLOMERADOS COTOPAXI EVENTOS;TECFOOD;Clientes estrategicos;5;53;7555.4830292233;142.556283570251;154;15;1;-0.322244071779065;0.293643084594858
573;ARCA CALDERÓN EVENTOS;TECFOOD;Clientes estrategicos;9;89;3936.5974390892;44.2314318998787;93;30;1;-0.0630808033936671;-0.509640809265204
2095;GYE OMARSA ISLA PUNÁ 2 - ZONA 3;COALSE;Clientes estrategicos;0;111;70351.6066833196;633.798258408285;294;27;1;-2.24398494652872;0.282449306974062
2097;GYE YILPORT CAFETERÍA RETAIL;COALSE;Clientes estrategicos;5;65;23053.47699691;354.668876875539;69;23;1;-0.758097700370489;0.557139042261975
2092;GYE LA FABRIL MANTA DETERGENTES;COALSE;Clientes estrategicos;4;189;31449.262592369;166.398214774439;274;49;1;-1.71240636478065;-0.0792567689478068
2096;GYE ECUASAL PACOA;COALSE;Clientes estrategicos;2;126;44938.66176776;356.656045775873;334;27;1;-1.79843366946627;0.414802623476593
2101;GYE OMARSA ALEJANDRINA 2;COALSE;Clientes estrategicos;0;94;99654.5316856234;1060.15459240025;307;23;1;-2.3342006807443;0.653468362568827
2102;GYE COL. LICEO PANAMERICANO COMEDOR;COALSE;Clientes estrategicos;3;163;13990.3082594902;85.8301120214123;232;41;1;-1.29058275745288;-0.51051990518486
2103;GYE COL. LICEO PANAMERICANO RETAIL;COALSE;Clientes estrategicos;3;131;25707.156296184;196.237834322015;122;31;1;-1.24544411562013;-0.00677197445917355
2105;GYE OMARSA PUERTO INCA 1 ZONA 2;COALSE;Clientes estrategicos;4;89;51111.9179578587;574.291213009648;292;20;1;-1.5367315677511;1.00593709184041
2114;GYE COL. ALEMÁN HUMBOLDT COMEDOR;COALSE;Clientes estrategicos;3;119;14559.9750589952;122.352731588195;228;31;1;-1.16915068857886;-0.194360256590851
2115;GYE COL. ALEMÁN HUMBOLDT RETAIL;COALSE;Clientes estrategicos;3;87;16400.8965370834;188.516052150384;106;20;1;-0.808917712689043;0.121689294009693
2121;GYE CONTECON S.A;COALSE;Clientes estrategicos;4;132;111854.430352511;847.38204812508;431;30;1;-2.17692824674825;1.12928384119582
2123;GYE AVICOLA FERNANDEZ S.A.;COALSE;Clientes estrategicos;5;60;20640.9646976733;344.016078294555;236;16;1;-0.916354345973821;0.841965174494451
2107;GYE HACIENDA EL ÁLAMO;COALSE;Clientes estrategicos;0;66;90194.5014091188;1366.58335468362;232;18;1;-2.09025381496221;0.861890803209715
1282;GYE SOLUBLES INSTANTÁNEOS SUMINISTROS;COALSE;Clientes por reactivar;3;65;1016.89150506;15.6444846932308;21;33;2;0.676048592217144;-1.70947258312987
669;PANAVIAL GUAYLLABAMBA EVENTOS;TECFOOD;Clientes por reactivar;109;11;697.1494553597;63.3772232145182;40;4;2;2.45126183935536;1.31957054538239
1812;GYE COL. JOSÉ DOMINGO SANTISTEVAN SUMINISTROS;COALSE;Clientes por reactivar;2;54;650.53852494;12.0470097211111;30;33;2;0.704125961551178;-1.92156154932434
1162;GYE LETERAGO SUMINISTROS;COALSE;Clientes por reactivar;2;52;1591.77071749;30.6109753363462;31;34;2;0.306819367401314;-1.40256169924869
1158;GYE PROMAPLAST S.A. SUMINISTROS;COALSE;Clientes por reactivar;2;66;1479.2703841;22.4131876378788;30;33;2;0.339485286380221;-1.57917700644758
1492;GYE SWISSGAS SUMINISTROS;COALSE;Clientes por reactivar;9;32;315.69026595;9.8653208109375;20;32;2;1.5009266420367;-1.56226708738109
144;PANAVIAL IBARRA RETAIL;TECFOOD;Clientes por reactivar;9;28;608;21.7142857142857;1;28;2;1.96506820576918;-1.39720971018802
132;PANAVIAL AMAGUAÑA RETAIL;TECFOOD;Clientes por reactivar;2;22;117;5.31818181818182;1;22;2;2.43709177299492;-2.56654651989591
1438;PETROBELL INDUSTRIALES HOTELERÍA;TECFOOD;Clientes por reactivar;2;34;1315.63182398;38.6950536464706;10;33;2;0.74060048875103;-1.39505772666325
1967;GYE CEMENTERIO PATRIMONIAL JBG SUMINISTROS;COALSE;Clientes por reactivar;0;65;476.30881398;7.32782790738462;35;33;2;0.47582927023684;-2.62916925479252
1923;GYE JBG OFICINA CENTRAL PCP GYE SUMINISTROS;COALSE;Clientes por reactivar;0;30;633.70914765;21.123638255;19;30;2;0.632422739093524;-2.07484917516395
1403;ORION EL ENO HOTELERÍA;TECFOOD;Clientes por reactivar;0;33;1659.67311535;50.2931247075758;19;33;2;0.174569183887844;-1.615538822297
444;ENIGAS BEATERIO RETAIL;TECFOOD;Clientes por reactivar;6;32;644.3;20.134375;1;32;2;1.7818805814416;-1.64004430909834
926;FESA SUMINISTROS;TECFOOD;Clientes por reactivar;6;72;756.3211179262;10.5044599711972;53;32;2;0.695003375363532;-1.56427563552318
1997;FLORASINTESIS SUMINISTROS;TECFOOD;Clientes por reactivar;6;90;1229.3254349454;13.6591714993933;78;32;2;0.361749610013869;-1.37263533629477
951;FV SALAS DE VENTA SUMINISTROS;TECFOOD;Clientes por reactivar;6;34;756.61651009;22.2534267673529;20;32;2;1.03197748593465;-1.25909485338803
935;GH 100 SUMINISTROS COMEDOR UIO;TECFOOD;Clientes por reactivar;6;58;1751.2217712516;30.1934788146828;63;32;2;0.309481235516193;-0.943476724843155
1370;GYE HOSPC. CORAZON DE JESÚS EVENTOS;COALSE;Clientes por reactivar;13;6;133.105209;22.1842015;8;3;2;3.16313643536891;-0.254433438104411
1808;GYE LOTERÍA NACIONAL SUMINISTROS;COALSE;Clientes por reactivar;6;39;866.6018522;22.2205603128205;46;32;2;0.731300450988916;-1.151470087488
739;GYE MARBELIZE S.A. EVENTOS;COALSE;Clientes por reactivar;4;21;432.7467170551;20.6069865264333;31;13;2;1.43974825278844;-1.04539886678717
1279;GYE TESALIA EVENTOS;COALSE;Clientes por reactivar;13;11;755.9405984049;68.7218725822637;30;5;2;1.86813183029034;0.404049986629394
2064;GYE TESALIA ADMINISTRACIÓN SUMINISTROS;COALSE;Clientes por reactivar;101;20;392.41221654;19.620610827;29;19;2;2.17248641554033;0.0319822577474695
964;HUMANA SUMINISTROS;TECFOOD;Clientes por reactivar;6;96;1396.299988424;14.5447915460833;58;32;2;0.386303001953469;-1.37978694783149
1372;INDUFRANCE SUMINISTROS;TECFOOD;Clientes por reactivar;6;67;326.2180185262;4.86892564964478;61;31;2;1.01618138750969;-1.93678970419111
1145;JURIS PLANTA CARCELÉN SUMINISTROS;TECFOOD;Clientes por reactivar;6;63;516.195444188;8.1935784791746;59;32;2;0.835312166410954;-1.68062026601407
1116;LOGIKARD SUMINISTROS;TECFOOD;Clientes por reactivar;6;68;546.6226203616;8.03856794649412;70;32;2;0.755730860034389;-1.66937125550611
1319;MAXIPAN SUMINISTROS;TECFOOD;Clientes por reactivar;6;70;1132.689213659;16.1812744808429;75;32;2;0.429955054856376;-1.27743465081451
1407;OCP PEDRO VICENTE M. HOTELERÍA;TECFOOD;Clientes por reactivar;6;33;613.89322894;18.6028251193939;10;32;2;1.3093614378563;-1.44917844144482
1401;OCP BALAO HOTELERÍA;TECFOOD;Clientes por reactivar;6;34;1628.223344;47.8889218823529;22;32;2;0.676554475054382;-0.807534907879464
1419;PLUSPETROL VILLANO A HOTELERÍA;TECFOOD;Clientes por reactivar;6;31;3924.0351705;126.581779693548;27;30;2;0.269853231307408;-0.189425726501864
1455;PLUSPETROL VILLANO A RETAIL;TECFOOD;Clientes por reactivar;6;52;5689.51719967;109.413792301346;6;30;2;0.469841133675299;-0.478416704623892
1908;CLUB DEPORTIVO IDV FORMATIVA RETAIL;TECFOOD;Clientes por reactivar;3;84;2021.858065;24.0697388690476;15;57;2;0.239076299666084;-1.72123264395497
2008;CCDC JACKUP RIG HOTELERIA;TECFOOD;Clientes por reactivar;4;39;2138.89849335;54.8435511115385;23;33;2;0.433544586434212;-0.877170796431582
1605;GYE AUTOMOTORES Y ANEXOS SUMINISTROS;COALSE;Clientes por reactivar;5;64;1260.18496619;19.6903900967188;32;32;2;0.591042139481825;-1.34441851256222
1608;GYE HORMIPISOS DURAN SUMINISTROS;COALSE;Clientes por reactivar;5;55;319.82199928;5.81494544145455;24;32;2;1.25375646255157;-2.0427697608977
1303;GYE INDURAMA PCP GYE EVENTOS;COALSE;Clientes por reactivar;11;5;255.37024952;51.074049904;23;2;2;2.68170392554115;0.406331675468621
1839;GYE INTEROC SUMINISTROS;COALSE;Clientes por reactivar;5;32;760.20716033;23.7564737603125;28;32;2;0.900328365123475;-1.23980939343011
1851;GYE LINDE SUMINISTROS;COALSE;Clientes por reactivar;5;49;305.16743262;6.22790678816327;24;32;2;1.28500439823933;-2.00443754652442
136;PANAVIAL AMBUQUÍ RETAIL;TECFOOD;Clientes por reactivar;5;30;520;17.3333333333333;1;30;2;1.86161081181943;-1.76286845982894
142;PANAVIAL GUAYLLABAMBA RETAIL;TECFOOD;Clientes por reactivar;26;17;31;1.82352941176471;1;17;2;3.6530418393301;-2.05553154402695
1536;PETROECUADOR SHUSHUFINDI HOTELERÍA;TECFOOD;Clientes por reactivar;5;34;850.65029514;25.0191263276471;24;32;2;0.890269139766228;-1.23230091667211
1537;PETROECUADOR SHUSHUFINDI RETAIL;TECFOOD;Clientes por reactivar;5;33;2271.70391788;68.8395126630303;21;32;2;0.505786378364247;-0.666701787745037
1739;GYE ACCIONA S.A. SUMINISTROS;COALSE;Clientes por reactivar;4;42;497.6661221;11.8491933833333;30;32;2;0.988365130109224;-1.70165870528741
1012;GYE DURAGAS S.A. SUMINISTROS;COALSE;Clientes por reactivar;4;65;1499.4132057;23.0678954723077;33;32;2;0.457994243678568;-1.32662962613629
1017;GYE GH 100 COMEDOR (TRÉBOL VERDE) SUMINISTROS;COALSE;Clientes por reactivar;4;33;469.204;14.218303030303;4;32;2;1.55916864933678;-1.84811822010745
1769;GYE GRAFIMPAC SUMINISTROS;COALSE;Clientes por reactivar;4;53;1877.63901598;35.4271512449057;41;32;2;0.317281364441478;-1.0474517980029
2037;GYE GRUPO DUREXPORTA SUMINISTROS;COALSE;Clientes por reactivar;4;25;283.31115784;11.3324463136;16;20;2;1.62337836728272;-1.62485755077013
336;GYE HOSP. L.V. DIETA LÍQUIDA;COALSE;Clientes por reactivar;4;118;1967.6517784924;16.6750150719695;43;32;2;0.216707873060648;-1.488690212412
1859;GYE LA FABRIL MANTA MULTIUSOS RETAIL;COALSE;Clientes por reactivar;4;42;588.1060153;14.0025241738095;12;19;2;1.3696901531241;-1.53834942749188
1864;GYE LA FABRIL MANTA MULTIUSOS EVENTOS;COALSE;Clientes por reactivar;32;65;3447.1375945295;53.0328860696846;117;20;2;0.431689638664829;0.277955943097386
1858;GYE LA FABRIL MANTA RETAIL;COALSE;Clientes por reactivar;4;62;1423.4398923;22.9587079403226;29;27;2;0.586153533591561;-1.28270092701549
1232;GYE LA REFORMA SUMINISTROS;COALSE;Clientes por reactivar;4;65;3026.71778884;46.5648890590769;31;32;2;0.173586495685118;-0.932608576471825
1932;GYE LABORATORIOS SIEGFRIED SUMINISTROS;COALSE;Clientes por reactivar;4;31;480.14146666;15.4884344083871;9;30;2;1.3803621780025;-1.67915552793778
699;GYE PROMARISCO EVENTOS;COALSE;Clientes por reactivar;4;82;1576.385013677;19.2242074838659;42;37;2;0.292675593229716;-1.45680305843749
1984;GYE PROMARISCO RETAIL;COALSE;Clientes por reactivar;4;34;2808.68837162;82.6084815182353;23;32;2;0.33739348027608;-0.624885482318228
1435;OCP AMAZONAS HOTELERÍA;TECFOOD;Clientes por reactivar;4;34;1733.77318474;50.9933289629412;21;32;2;0.571562057570588;-0.916797058276995
1406;OCP PÁRAMO HOTELERÍA;TECFOOD;Clientes por reactivar;4;33;802.7132173;24.3246429484848;22;32;2;0.892280742303685;-1.3347209632946
1408;OCP SARDINAS HOTELERÍA;TECFOOD;Clientes por reactivar;4;35;1407.30607767;40.2087450762857;20;32;2;0.67289727209835;-1.06100360226019
1404;OCP CAYAGAMA HOTELERÍA;TECFOOD;Clientes por reactivar;4;34;1211.40970604;35.6296972364706;21;32;2;0.726263682675513;-1.12342709173443
1436;ORION TETETES HOTELERÍA;TECFOOD;Clientes por reactivar;4;34;1502.944156;44.204239882353;21;32;2;0.63330152698429;-0.999309219735732
1285;PLUSPETROL SARAYACU COFFEE POINTS;TECFOOD;Clientes por reactivar;4;66;498.8274;7.55799090909091;23;32;2;1.01762847880731;-1.99110215814977
1418;PLUSPETROL SARAYACU HOTELERÍA;TECFOOD;Clientes por reactivar;4;37;1712.20817551;46.2758966354054;26;32;2;0.511781158717003;-0.946431621236848
1414;PLUSPETROL BAEZA HOTELERÍA;TECFOOD;Clientes por reactivar;4;49;1964.4744352076;40.0913150042367;41;32;2;0.30393623894265;-0.974471815123109
1283;PLUSPETROL BAEZA COFFEE POINTS;TECFOOD;Clientes por reactivar;4;65;1068.23560029;16.4343938506154;32;32;2;0.610657122824219;-1.52190637794347
2074;DIPOR AMAGUAÑA EVENTO;TECFOOD;Clientes por reactivar;58;23;1021.5612664821;44.4157072383522;48;8;2;1.78449136737369;0.64215194673778
2068;ENAP SIPEC - QUIMIPAC RETAIL;TECFOOD;Clientes por reactivar;2;32;1290.6432;40.3326;3;32;2;1.05648374008201;-1.49855856476462
1833;GYE BANCO DE MIRO SUMINISTROS;COALSE;Clientes por reactivar;3;40;701.7285727;17.5432143175;35;32;2;0.744909135594385;-1.55415544564112
2020;GYE EL UNIVERSO PCP SUMINISTROS;COALSE;Clientes por reactivar;10;34;400.98799995;11.7937647044118;9;18;2;1.8570938462772;-1.31836542761537
1256;GYE HEINEKEN EVENTOS;COALSE;Clientes por reactivar;220;3;5.92;1.97333333333333;3;1;2;5.66978350259539;-0.186877961006027
1299;GYE INDURAMA PCP GYE SUMINISTROS;COALSE;Clientes por reactivar;3;48;1301.75177211;27.119828585625;35;32;2;0.46670861504851;-1.3118381067655
2051;GYE SEGUROS CÓNDOR SUMINISTROS;COALSE;Clientes por reactivar;3;36;212.85149117;5.91254142138889;20;18;2;1.62489940264719;-2.00520472205756
1022;GYE INPROEL S.A. SUMINISTROS;COALSE;Clientes por reactivar;3;44;1588.98546095;36.1133059306818;30;32;2;0.430962963512437;-1.1665563724735
1147;GYE JURIS SUMINISTROS;COALSE;Clientes por reactivar;3;31;263.99868948;8.51608675741936;21;31;2;1.3297011750814;-2.00231677684989
1836;GYE LATAMFIBERHOME SUMINISTROS;COALSE;Clientes por reactivar;3;51;1662.43840446;32.59683146;33;32;2;0.373382047132296;-1.21602348135725
1664;GYE PRODUBANCO SUMINISTROS;COALSE;Clientes por reactivar;3;65;1798.474898045;27.6688445853077;39;32;2;0.273337245892676;-1.29307756108381
1219;GYE PROMESA S.A. SUMINISTROS;COALSE;Clientes por reactivar;3;66;1492.24777308;22.6098147436364;33;32;2;0.398657967308729;-1.43082754716029
1081;GYE PRONACA INCUBADORA INCA SUMINISTROS;COALSE;Clientes por reactivar;3;31;372.30217153;12.0097474687097;18;31;2;1.22956106663362;-1.83579613717224
1255;GYE TELCONET EVENTOS;COALSE;Clientes por reactivar;170;26;2195.4758910462;84.4413804248539;77;6;2;1.69839809595963;1.61328019765063
1437;PARDALIS HOTELERÍA;TECFOOD;Clientes por reactivar;4;35;2129.95468159;60.8558480454286;25;32;2;0.432278600276159;-0.791940831779649
1705;COL. INTISANA CORTESIAS;TECFOOD;Clientes por reactivar;32;15;539.3948496095;35.9596566406333;19;9;2;2.1474983750668;0.123869094117831
1811;GYE COL. SANTA LUISA DE MARILLAC SUMINISTROS;COALSE;Clientes por reactivar;2;49;575.44943037;11.7438659259184;28;32;2;0.795391488833996;-1.93107890539166
2060;GYE TERMINAL PORTUARIO SUMINISTROS;COALSE;Clientes por reactivar;0;47;729.08461099;15.5124385317021;33;32;2;0.358088018300941;-2.20906310948892
1500;GYE ASISERVY RETAIL;COALSE;Clientes por reactivar;4;20;1173.00516336;58.650258168;10;19;2;1.17855318304641;-0.729021546364111
704;GYE BIMBO S.A. EVENTOS;COALSE;Clientes por reactivar;3;29;1710.5182502633;58.9833879401138;39;12;2;0.73101552381171;-0.482504566695025
1501;GYE MARBELIZE S.A. RETAIL;COALSE;Clientes por reactivar;4;19;1808.16323387;95.1664859931579;7;16;2;1.15103757107173;-0.42873022504429
509;PANAVIAL MINA COLIBRÍ RETAIL;TECFOOD;Clientes por reactivar;13;12;276;23;1;12;2;2.77498895345626;-0.901881780408571
1416;PLUSPETROL K1 HOTELERÍA;TECFOOD;Clientes por reactivar;27;9;771.73492652;85.7483251688889;10;9;2;2.14901953373362;0.483978592110833
1439;PLUSPETROL CPF HOTELERÍA;TECFOOD;Clientes por reactivar;6;34;4290.13730244;126.180508895294;29;29;2;0.217860358188685;-0.171250904521162
703;COL. TERRANOVA EVENTOS;TECFOOD;Clientes por reactivar;4;30;717.2317147782;23.90772382594;108;13;2;0.84455043825886;-0.799091146078192
576;ECUAJUGOS FABRICA EVENTOS;TECFOOD;Clientes por reactivar;54;39;4087.8570100926;104.816846412631;134;13;2;0.657706509821229;1.07119134044796
1909;CLUB DEPORTIVO IDV PROFESIONAL RETAIL;TECFOOD;Clientes por reactivar;12;80;2903.19929935;36.289991241875;22;19;2;0.728649005612618;-0.53971178728167
702;COL. EINSTEIN EVENTOS;TECFOOD;Clientes por reactivar;48;38;3299.5424509583;86.8300644989026;116;11;2;0.82472580168399;0.953371020253485
1690;COL. INTISANA EVENTOS;TECFOOD;Clientes por reactivar;46;39;3022.4092707678;77.4976736094308;94;13;2;0.847731374863915;0.781580488933736
710;COL. SEK UIO EVENTOS;TECFOOD;Clientes por reactivar;58;20;2952.2501877031;147.612509385155;134;6;2;1.14244513955175;1.57957584472466
1665;PETROECUADOR SHUSHUFINDI RETAIL LAGO AGRIO;TECFOOD;Clientes por reactivar;19;10;405.68115409;40.568115409;20;6;2;2.28859258812905;0.135576079678938
1497;PLUSPETROL OFICINAS QUITO RETAIL;TECFOOD;Clientes por reactivar;18;8;265.86967216;33.23370902;11;6;2;2.62905736904772;-0.0747294235372903
580;AVON EVENTOS;TECFOOD;Clientes por reactivar;9;60;2155.9794679195;35.9329911319917;118;27;2;0.200974359273573;-0.548028983978246
836;ECOFROZ EVENTOS;TECFOOD;Clientes por reactivar;5;31;1794.1616010181;57.8761806780032;72;13;2;0.611890111287222;-0.271966246222828
1197;GYE AJE BIG COLA PCP GYE SUMINISTROS;COALSE;Clientes por reactivar;3;6;93;15.5;1;6;2;3.1852991653044;-1.3971642498425
146;PANAVIAL PIFO RETAIL;TECFOOD;Clientes por reactivar;10;15;404;26.9333333333333;1;14;2;2.4753473923561;-0.970658816994417
1386;GYE PLANTABAL S.A. RETAIL;COALSE;Clientes por reactivar;86;8;1585.46851498;198.1835643725;9;5;2;2.3789228928119;1.62626486148138
583;GYE PRODUBANCO EVENTOS;COALSE;Clientes por reactivar;137;6;434.81373915;72.468956525;12;3;2;3.16443063000435;1.42483544246986
1337;CRANSA S.A. EVENTOS;TECFOOD;Clientes por reactivar;17;51;1442.9340280979;28.292824080351;94;22;2;0.688644207831077;-0.393528530858614
2076;JABONERÍA WILSON NNUU SUMINISTROS;TECFOOD;Clientes por reactivar;6;47;137.64583936;2.92863488;22;29;2;1.7027126156639;-2.28742562300545
1656;TELEVICENTRO RETAIL;TECFOOD;Clientes por reactivar;6;41;588.9738300664;14.3652153674732;100;18;2;0.892422221116236;-1.08057314871627
1383;COL. LICEO INTERNACIONAL EVENTOS;TECFOOD;Clientes por reactivar;47;24;1928.9177529182;80.3715730382583;95;6;2;1.35813035174923;1.08864560412087
755;COL. MENOR EVENTOS;TECFOOD;Clientes por reactivar;6;29;2842.8521731867;98.0293852823;108;11;2;0.404918993430386;0.214062190751229
569;ECUAJUGOS CD EVENTOS;TECFOOD;Clientes por reactivar;19;44;4538.1118561925;103.138905822557;130;14;2;0.311958928618536;0.609332647082738
1617;GYE AUTOMOTORES Y ANEXOS EVENTOS;COALSE;Clientes por reactivar;154;8;1524.7792387265;190.597404840813;22;4;2;2.38505860226765;2.02777947891635
1343;GYE CALBAQ S.A. EVENTOS;COALSE;Clientes por reactivar;3;17;1703.3325906579;100.196034744582;41;6;2;1.00320576339357;0.0799030238913599
1322;GYE IPAC S.A. EVENTOS;COALSE;Clientes por reactivar;11;15;588.177572525;39.2118381683333;34;6;2;1.81999726994088;-0.0316011853867322
577;FV GRIFERIA EVENTOS;TECFOOD;Clientes por reactivar;2;35;1338.4541820141;38.2415480575457;67;15;2;0.50963722702489;-0.861993996208101
1913;GYE OMARSA PUERTO INCA 2 RETAIL;COALSE;Clientes por reactivar;4;11;6306.926;573.356909090909;22;8;2;0.58918602924638;1.02136601747029
1496;PLUSPETROL OFICINAS QUITO HOTELERÍA;TECFOOD;Clientes por reactivar;18;11;1190.06177131;108.187433755455;20;7;2;1.74978359902689;0.630695464762141
1376;COL. LA CONDAMINE EVENTOS;TECFOOD;Clientes por reactivar;66;21;1367.1408867458;65.1019469878952;64;7;2;1.66487900215468;1.00211608717932
1737;FV SALAS DE VENTA EVENTOS;TECFOOD;Clientes por reactivar;206;1;8.62919999;8.62919999;3;1;2;5.52334074156023;0.479040825482964
756;GYE DURAGAS S.A. EVENTOS;COALSE;Clientes por reactivar;38;39;8833.791292654;226.50746904241;117;8;2;0.445569575694986;1.52932345609841
2006;GYE GRUPO GRUPASA EVENTOS;COALSE;Clientes por reactivar;28;31;6885.8198601737;222.123221295926;44;13;2;0.590405225700668;1.09786763046392
1298;GYE LA FABRIL AGENCIA EVENTOS;COALSE;Clientes por reactivar;12;47;3022.1646745231;64.301376053683;88;19;2;0.363278889525747;-0.00903367671455293
1716;GYE RANSA PCP GYE SUMINISTROS;COALSE;Clientes por reactivar;206;1;6.28;6.28;2;1;2;5.72847101378937;0.274860194590298
744;COL. SEK VALLES EVENTOS;TECFOOD;Clientes por reactivar;2;22;1246.4507340368;56.6568515471273;91;9;2;0.675538456913387;-0.403436668919519
575;FV SANITARIOS EVENTOS;TECFOOD;Clientes por reactivar;23;41;1497.4734664724;36.5237430846927;109;16;2;0.846582675669497;0.0129367482294783
1259;GYE PLANTABAL S.A. EVENTOS;COALSE;Clientes por reactivar;9;17;4474.0599901177;263.179999418688;77;8;2;0.55006335238846;1.01363032421358
1902;HOSP. SOLCA ADMINISTRACION EVENTOS;TECFOOD;Clientes por reactivar;82;9;981.7205862185;109.080065135389;30;2;2;2.52264088261968;1.67816703402436
608;ARCA STO. DOMINGO EVENTOS;TECFOOD;Clientes por reactivar;20;45;2499.8676862278;55.5526152495067;102;16;2;0.601167782301468;0.188284349356091
1901;GYE LATAMFIBERHOME EVENTOS;COALSE;Clientes por reactivar;202;4;88.6218488933;22.155462223325;10;1;2;4.29017372824281;1.14763602955614
1276;PLUSPETROL ARCHIDONA RETAIL;TECFOOD;Clientes por reactivar;19;10;3265.87830077;326.587830077;34;9;2;1.09166338370672;1.28497781111257
1988;GYE GRUPO DIFARE PCP GYE;COALSE;Clientes por reactivar;199;1;249.0296;249.0296;1;1;2;4.28883081854224;2.28241075697121
847;COL. LICEO ORTEGA EVENTOS;TECFOOD;Clientes por reactivar;0;18;1243.55123841;69.0861799116667;49;8;2;0.611701345541982;-0.783748325781592
1786;GYE EXPOSYNERGY EVENTOS;COALSE;Clientes por reactivar;11;13;907.56895754;69.8129967338462;35;8;2;1.53205471817477;0.212305995297631
1457;GYE GRUPO FAMILIA EVENTOS;COALSE;Clientes por reactivar;74;6;1290.737653848;215.122942308;45;2;2;2.27870891276099;2.09200825469745
1740;I.E.P.E.S.A. EVENTOS;TECFOOD;Clientes por reactivar;2;15;406.23555314;27.0823702093333;56;6;2;1.46521211187698;-0.750413423670713
581;CONFITECA C.A. EVENTOS;TECFOOD;Clientes por reactivar;32;41;1519.3503939453;37.0573266815927;122;13;2;0.971969900084373;0.242908981314474
653;ENIGAS BEATERIO EVENTOS;TECFOOD;Clientes por reactivar;195;2;31.95119562;15.97559781;7;1;2;4.80456465922588;0.901491569734655
1446;GYE HOSP. NEUROCIENCIAS EVENTOS;COALSE;Clientes por reactivar;55;14;133.459005392;9.53278609942857;37;6;2;2.84409123647731;-0.17500884271306
2088;JABONERÍA WILSON NNUU EVENTO;TECFOOD;Clientes por reactivar;6;13;109.90891222;8.45453170923077;32;5;2;2.47219791506306;-1.06040438881567
1717;GYE PRONACA CD EVENTOS;COALSE;Clientes por reactivar;54;13;1797.346609296;138.257431484308;42;5;2;1.75684598138699;1.42072190664579
1799;GYE LOTERÍA NACIONAL EVENTOS;COALSE;Clientes por reactivar;38;4;133.237426175;33.30935654375;7;2;2;3.60058426430548;0.497197492830554
1230;GYE SANTA PRISCILA 2 EVENTOS;COALSE;Clientes por reactivar;192;3;370.4402720501;123.480090683367;13;1;2;3.59323961625905;2.1504210626372
618;GYE OMARSA PLANTA EVENTOS;COALSE;Clientes por reactivar;9;23;4570.86951876;198.733457337391;57;11;2;0.491329027839825;0.692137447772169
851;JABONERÍA WILSON EVENTOS;TECFOOD;Clientes por reactivar;9;46;989.58032556;21.5126157730435;70;17;2;0.882178256462877;-0.737010308108243
945;COL. MONTEBELLO A. EVENTOS;TECFOOD;Clientes por reactivar;6;16;1048.48949552;65.53059347;73;6;2;1.20541308474774;0.144424402244686
1127;INAEXPO PL STO. DGO. EVENTOS;TECFOOD;Clientes por reactivar;6;46;2891.1851115766;62.8518502516652;106;14;2;0.279929012487154;-0.142732113312928
1710;DANEC RETAIL;TECFOOD;Clientes por reactivar;5;35;1768.20603381;50.5201723945714;13;33;2;0.728108286966055;-0.92132774440402
1064;GYE OMARSA BRISAS EVENTOS;COALSE;Clientes por reactivar;9;18;3248.01582326;180.445323514444;51;9;2;0.760624428312422;0.69517530085188
1623;BATERIAS ECUADOR PCP SGQ;TECFOOD;Clientes por reactivar;9;7;348.121472429;49.7316389184286;9;5;2;2.46048237434796;-0.0734848624078528
834;COL. HIGHLANDS EVENTOS;TECFOOD;Clientes por reactivar;53;10;1171.2188584818;117.12188584818;159;3;2;1.73708767424348;1.65745257656443
1840;CORPFRUT PCP SGQ;TECFOOD;Clientes por reactivar;54;4;26.25105409;6.5627635225;5;3;2;4.33710553179274;-0.407214987195426
1065;SUKASA PCP SGQ;TECFOOD;Clientes por reactivar;54;5;40.98841405;8.19768281;6;3;2;4.10313730280382;-0.270051883135702
2061;DIPOR AMAGUAÑA PCP SGQ;TECFOOD;Clientes por reactivar;54;10;671.2720349333;67.12720349333;13;6;2;2.46003915195235;0.789701947638315
876;EL ORDEÑO PCP SGQ;TECFOOD;Clientes por reactivar;54;6;69.2023019906;11.5337169984333;5;4;2;3.83371708049109;-0.193725167816414
2031;GYE ECUAVISA EVENTOS;COALSE;Clientes por reactivar;185;2;87.9824733576;43.9912366788;3;1;2;4.56008225095222;1.35841946464266
1078;IMPRENTA MARISCAL PCP SGQ;TECFOOD;Clientes por reactivar;4;26;1875.5347607679;72.1359523372269;49;14;2;0.637149765813038;-0.294688883716917
670;PANAVIAL IBARRA EVENTOS;TECFOOD;Clientes por reactivar;23;11;335.8007827261;30.5273438841909;17;4;2;2.59316689149165;0.153755211855499
674;PANAVIAL AMBUQUÍ EVENTOS;TECFOOD;Clientes por reactivar;184;2;75.2232115533;37.61160577665;8;1;2;4.39250633059824;1.37847686699621
593;PANAVIAL PIFO EVENTOS;TECFOOD;Clientes por reactivar;19;10;345.2470550154;34.52470550154;22;2;2;2.6722394098733;0.379396655246333
1341;GYE CALBAQ S.A. PCP GYE;COALSE;Clientes por reactivar;177;1;11.6289099606;11.6289099606;1;1;2;5.56351875213621;0.479836626947956
1810;GYE COL. JOSÉ DOMINGO SANTISTEVAN PCP GYE;COALSE;Clientes por reactivar;177;1;5.8439699802;5.8439699802;1;1;2;5.83151577200555;0.119868926154147
1809;GYE COL. SANTA LUISA DE MARILLAC PCP GYE;COALSE;Clientes por reactivar;177;1;5.7849399804;5.7849399804;1;1;2;5.83530527887366;0.114778943903153
198;GYE LETERAGO PCP GYE;COALSE;Clientes por reactivar;177;1;5.90299998;5.90299998;1;1;2;5.82775881010583;0.124915194719637
604;GYE PROMAPLAST S.A. PCP GYE;COALSE;Clientes por reactivar;177;1;12.0716349591;12.0716349591;1;1;2;5.54844563755001;0.50008250283135
1491;GYE SWISSGAS PCP GYE;COALSE;Clientes por reactivar;177;1;2.6858649909;2.6858649909;1;1;2;6.10224345264984;-0.243766538114352
806;GYE COL. MENOR SAM EVENTOS;COALSE;Clientes por reactivar;175;5;445.31207033;89.062414066;17;1;2;3.40988179003399;1.95672388518446
780;GYE COL. SEK EVENTOS;COALSE;Clientes por reactivar;159;5;592.29279148;118.458558296;21;2;2;3.03959269065324;1.95622563024971
632;GYE PRONACA PL AVES BUCAY EVENTOS;COALSE;Clientes por reactivar;6;22;6591.1757037472;299.598895624873;67;6;2;0.409182741441204;1.01374253262199
566;ARCA NORTE EVENTOS;TECFOOD;Clientes por reactivar;16;43;929.6331831853;21.6193763531465;77;16;2;1.05315691479851;-0.477906241246219
1130;SUKASA EVENTOS;TECFOOD;Clientes por reactivar;19;18;777.9897090682;43.2216505037889;36;7;2;1.75550896870665;0.189312686092034
681;PANAVIAL AMBATO EVENTOS;TECFOOD;Clientes por reactivar;173;2;70.1865403;35.09327015;6;1;2;4.47798978929284;1.27854171126528
1925;CORPFRUT PCP SGQ RETAIL;TECFOOD;Clientes por reactivar;19;8;430.0176908;53.75221135;5;8;2;2.53413450535422;0.0313691032990188
2024;GYE EXPOCULTIVOS GRANCOMAR RETAIL;COALSE;Clientes por reactivar;12;3;303.19598737;101.065329123333;7;3;2;2.83623699029984;0.573437949453617
1077;GYE KUBIEC S.A. PETRILLO EVENTOS;COALSE;Clientes por reactivar;59;3;274.503360033;91.501120011;4;2;2;3.54217857742893;1.19406956898614
570;ARCA SUR EVENTOS;TECFOOD;Clientes por reactivar;30;23;1067.670251508;46.4204457177391;70;11;2;1.3697878186851;0.342390613449186
1696;COL. LOS PINOS EVENTOS;TECFOOD;Clientes por reactivar;44;27;1157.2736447503;42.8619868426037;68;11;2;1.43225388136932;0.443414210841399
1301;GYE MABE EVENTOS;COALSE;Clientes por reactivar;25;17;1437.3991878725;84.5528934042647;51;7;2;1.46604864608376;0.735096480219862
588;GYE PRONACA PL DURÁN EVENTOS;COALSE;Clientes por reactivar;32;7;244.06080287;34.8658289814286;8;3;2;3.12829721434423;0.357091289468399
1921;CLUB DEPORTIVO IDV FORMATIVA EVENTOS;TECFOOD;Clientes por reactivar;0;6;839.2902993194;139.881716553233;13;3;2;1.53012151807497;-0.223187704957782
1762;GYE PRONACA PL AVES EN PIE EVENTOS;COALSE;Clientes por reactivar;159;3;124.0616024198;41.3538674732667;12;1;2;4.03761465945517;1.42791683451167
2025;GYE YILPORT RETAIL;COALSE;Clientes por reactivar;2;5;1486.2612953;297.25225906;8;4;2;1.61948356186626;0.527638104578362
782;ALPINA MACHACHI EVENTOS;TECFOOD;Clientes por reactivar;158;2;17.4944;8.7472;3;1;2;5.19458318606976;0.390463434274311
869;GYE BANALIGHT S.A. EVENTOS;COALSE;Clientes por reactivar;3;12;2238.3928292206;186.532735768383;62;5;2;0.849726530462359;0.564101725028957
767;GYE ECUASAL EVENTOS;COALSE;Clientes por reactivar;56;3;528.0841122;176.0280374;4;2;2;3.24377424767933;1.55456938240189
812;BIMBO EVENTOS;TECFOOD;Clientes por reactivar;3;19;444.2841808179;23.3833779377842;51;10;2;1.33293572912433;-0.904804091997802
1042;FERRERO EVENTOS;TECFOOD;Clientes por reactivar;55;28;3648.6696729525;130.309631176875;63;11;2;1.0120659572856;1.16863185876008
1221;GYE PROMESA S.A. EVENTOS;COALSE;Clientes por reactivar;128;5;47.798755828;9.5597511656;10;3;2;4.14001924450085;0.228149562904793
628;LETERAGO EVENTOS;TECFOOD;Clientes por reactivar;13;20;937.94031213;46.8970156065;36;7;2;1.57166449477889;0.0865339701084605
762;PETROBELL OFICINAS RETAIL EVENTOS;TECFOOD;Clientes por reactivar;144;3;264.9102316;88.3034105333334;26;1;2;3.4728907972592;1.92756654468997
2046;TESSA PICASSO EVENTOS;TECFOOD;Clientes por reactivar;103;8;411.7446843548;51.46808554435;29;3;2;2.85961864713221;1.22227293228509
1933;GYE LABORATORIOS SIEGFRIED EVENTOS;COALSE;Clientes por reactivar;137;3;9.3161799195;3.1053933065;6;1;2;5.22661746245344;-0.107004218455022
1333;ECOFROZ AGUA CLARA EVENTOS;TECFOOD;Clientes por reactivar;12;10;444.23167086;44.423167086;25;3;2;2.29678240124338;0.252929012036495
1899;GYE EXPOTUNA EVENTOS;COALSE;Clientes por reactivar;136;3;28.3379;9.44596666666667;10;1;2;4.665506115358;0.512795613272245
1155;GYE PROEXPO EVENTOS;COALSE;Clientes por reactivar;131;1;259.5864234;259.5864234;3;1;2;3.95935335317774;2.23057592484345
1742;GYE RANSA EVENTOS;COALSE;Clientes por reactivar;25;14;626.6741946667;44.7624424761929;25;4;2;2.22594676830487;0.453709079637987
594;AYMESA EVENTOS;TECFOOD;Clientes por reactivar;123;6;290.957071883;48.4928453138333;13;2;2;3.40370862643064;1.26807110815188
2073;ENAP SIPEC RETAIL;TECFOOD;Clientes por reactivar;2;37;885.1073209394;23.9218194848487;32;14;2;0.916804899416953;-1.20701262244196
1748;CLUB DEPORTIVO U. CATÓLICA FORMATIVA EVENTOS;TECFOOD;Clientes por reactivar;116;4;647.3798776453;161.844969411325;18;1;2;3.12595327549157;2.14408809726365
1009;COL. VICTORIA'S A. EVENTOS;TECFOOD;Clientes por reactivar;80;6;114.9382;19.1563666666667;6;2;2;3.88610969765241;0.465197003280784
2110;OCP CUARTO DE CONTROL SUMINISTROS;TECFOOD;Clientes por reactivar;6;33;170.461221196;5.16549155139394;24;17;2;1.84485658722912;-1.79578077653556
662;GYE OMARSA ISLA PUNÁ EVENTOS;COALSE;Clientes por reactivar;54;6;866.12768005;144.354613341667;13;2;2;2.7113703674557;1.56545038535043
658;CPP EVENTOS;TECFOOD;Clientes por reactivar;97;6;1321.5861044475;220.26435074125;44;2;2;2.34677801774463;2.21360657536004
2119;GYE PICA PCP GYE;COALSE;Clientes por reactivar;109;5;3126.9578883901;625.39157767802;28;1;2;2.29618886598862;2.96845715717891
2120;GYE PICA SUMINISTROS;COALSE;Clientes por reactivar;3;27;2313.84999086;85.6981478096296;39;17;2;0.474214878995297;-0.388393482799899
2044;ENAP SIPEC EVENTOS;TECFOOD;Clientes por reactivar;107;6;681.6162191885;113.602703198083;58;1;2;2.74634512930489;2.05946503974443
2122;OCP CUARTO DE CONTROL RETAIL;TECFOOD;Clientes por reactivar;6;48;1643.92697024;34.2484785466667;42;17;2;0.709641058140249;-0.690135512230968
2118;GYE ALMACENES DE PRATI S.A. SUMINISTROS;COALSE;Clientes por reactivar;3;31;514.92899572;16.6106127651613;37;15;2;1.17226733486359;-1.29472988655194
1131;JURIS PLANTA SANGOLQUÍ EVENTOS;TECFOOD;Clientes por reactivar;44;12;978.4651010441;81.5387584203417;40;2;2;2.26391647782889;1.28949689430786
1916;GYE OMARSA PUERTO INCA 1 RETAIL;COALSE;Clientes por reactivar;4;7;1264.1777998;180.596828542857;20;5;2;1.50013739847462;0.492693779709223
901;NATUFLOR EVENTOS;TECFOOD;Clientes por reactivar;10;11;2092.2631413088;190.205740118982;48;4;2;1.30180373779819;1.03089460178291
686;GYE CLÍNICA ADMINISTRACIÓN EVENTOS;COALSE;Clientes por reactivar;52;20;1318.1370203278;65.90685101639;71;6;2;1.64501975554908;0.978336309339781
2059;OMARSA CAMAREXPO EVENTOS GYE;COALSE;Clientes por reactivar;55;4;183.78646436;45.94661609;17;2;2;3.32638026928565;0.944303324745234
2134;GYE AGRISON V2 S.A. SUMINISTROS;COALSE;Clientes por reactivar;5;26;251.56284634;9.67549409;24;13;2;1.7702563805108;-1.42787627777668
1616;GYE PRONACA PL AVES BUCAY RETAIL;COALSE;Clientes por reactivar;13;5;350.069422;70.0138844;4;5;2;2.75968192630512;0.170621019946876
529;OCP QUININDE RETAIL;TECFOOD;Clientes por reactivar;83;4;244.5007147;61.125178675;29;1;2;3.3282076261347;1.50307464687753
1993;GYE GRAFIMPAC S.A. EVENTOS;COALSE;Clientes por reactivar;25;11;46.2617761203;4.20561601093636;22;4;2;3.36213008581555;-0.854177121436904
2001;GYE BANCO DE MIRO EVENTOS;COALSE;Clientes por reactivar;79;3;63.8964426305;21.2988142101667;24;1;2;3.94605069724492;0.852881071325048
1969;GYE CEMENTERIO PATRIMONIAL JBG EVENTOS;COALSE;Clientes por reactivar;9;8;119.7374432697;14.9671804087125;16;3;2;2.92003066479719;-0.52973952080298
1679;COL. JULIO VERNE EVENTOS;TECFOOD;Clientes por reactivar;67;4;282.1947;70.548675;14;1;2;3.40868015618296;1.40265864630286
67;HUMANA PCP UIO;TECFOOD;Clientes por reactivar;67;1;23.77070301;23.77070301;5;1;2;4.69347657141207;0.629181961083065
777;GYE PICA S.A. EVENTOS;COALSE;Clientes por reactivar;53;6;318.390265286;53.0650442143333;18;2;2;3.05299725192849;1.01802757643191
2126;GYE OMARSA ISLA PUNÁ 2 RETAIL;COALSE;Clientes por reactivar;7;16;9227.01720538;576.68857533625;60;5;2;0.411070734521531;1.50320447869057
2005;PLUSPETROL OFICINAS QUITO EVENTOS;TECFOOD;Clientes por reactivar;20;11;570.09511059;51.8268282354546;42;3;2;2.16825261040759;0.6088847345179
599;GYE AJE BIG COLA EVENTOS;COALSE;Clientes por reactivar;61;1;94.6904;94.6904;1;1;2;4.39353486292781;1.23282502722365
2062;GYE TERMINAL PORTUARIO EVENTO;COALSE;Clientes por reactivar;35;8;1163.9819684902;145.497746061275;13;4;2;2.25235993257417;1.19631365434823
855;COL. WILLIAM SHAKESPEARE EVENTOS;TECFOOD;Clientes por reactivar;55;2;34.46018817;17.230094085;6;1;2;4.47398334154889;0.406071262489438
1253;GYE GRAIMAN EVENTOS;COALSE;Clientes por reactivar;5;21;1052.0292990908;50.0966332900381;24;7;2;1.40335119478459;-0.281678449829143
611;GYE MOLINOS CHAMPIONS S.A. EVENTOS;COALSE;Clientes por reactivar;53;2;85.63524436;42.81762218;4;1;2;4.17436338840015;0.861366471336207
1945;GYE JBG OFICINA CENTRAL EVENTOS;COALSE;Clientes por reactivar;39;5;149.76701361;29.953402722;16;2;2;3.33476501986789;0.550625505795985
1832;GYE BANCO DE MIRO PCP GYE;COALSE;Clientes por reactivar;31;1;4.8948732;4.8948732;1;1;2;5.43460274981994;-0.678822680836714
1291;GYE SOLUBLES INSTANTANEOS EVENTOS;COALSE;Clientes por reactivar;23;7;351.3254484271;50.1893497753;29;2;2;2.65465830794269;0.711694844835824
2137;GYE CONTECON S.A. EVENTOS;COALSE;Clientes por reactivar;17;5;3316.5241184133;663.30482368266;33;2;2;1.57424344535097;2.1200763070582
1867;CORPFRUT EVENTOS;TECFOOD;Clientes por reactivar;2;5;97.26;19.452;10;5;2;2.66768907776018;-1.09274379280805
705;PARDALIS EVENTOS;TECFOOD;Clientes por reactivar;21;3;68.4809;22.8269666666667;14;1;2;3.71596157426997;0.286404609020506
1132;JURIS PLANTA CARCELÉN EVENTOS;TECFOOD;Clientes por reactivar;18;4;41.0113566;10.25283915;7;2;2;3.90321878509478;-0.460604348777123
586;GYE HOSP. R.G. EVENTOS;COALSE;Clientes por reactivar;11;3;74.62507481;24.8750249366667;11;1;2;3.58041908952365;0.0530532430724419
1879;GYE COL. JOSÉ DOMINGO SANTISTEVAN EVENTOS;COALSE;Clientes por reactivar;10;3;47.7165866604;15.9055288868;11;1;2;3.74579009267203;-0.234549179080967
1972;GYE COL. SANTA LUISA DE MARILLAC EVENTOS;COALSE;Clientes por reactivar;2;3;72.590650935;24.196883645;6;1;2;3.37387550870809;-0.611642769686945
